8628
64 450304
72 15744
73 15744
80 15264
82 15264
88 10656
91 10656
96 17760
100 17760
104 11904
109 11904
112 11904
118 11904
120 10656
127 10656
576 366592
584 15744
585 15744
592 15264
594 15264
600 10656
603 10656
608 17760
612 17760
616 11904
621 11904
624 11904
630 11904
632 10656
639 10656
640 383872
648 15744
649 15744
656 15264
658 15264
664 10656
667 10656
672 17760
676 17760
680 11904
685 11904
688 11904
694 11904
696 10656
703 10656
1024 423424
1032 15744
1033 15744
1040 15264
1042 15264
1048 10656
1051 10656
1056 17760
1060 17760
1064 11904
1069 11904
1072 11904
1078 11904
1080 10656
1087 10656
1152 369024
1160 15744
1161 15744
1168 15264
1170 15264
1176 10656
1179 10656
1184 17760
1188 17760
1192 11904
1197 11904
1200 11904
1206 11904
1208 10656
1215 10656
4160 418816
4168 15744
4169 15744
4176 15264
4178 15264
4184 10656
4187 10656
4192 17760
4196 17760
4200 11904
4205 11904
4208 11904
4214 11904
4216 10656
4223 10656
4352 472576
4360 15744
4361 15744
4368 15264
4370 15264
4376 10656
4379 10656
4384 17760
4388 17760
4392 11904
4397 11904
4400 11904
4406 11904
4408 10656
4415 10656
4672 370880
4680 15744
4681 15744
4688 15264
4690 15264
4696 10656
4699 10656
4704 17760
4708 17760
4712 11904
4717 11904
4720 11904
4726 11904
4728 10656
4735 10656
4736 332160
4744 15744
4745 15744
4752 15264
4754 15264
4760 10656
4763 10656
4768 17760
4772 17760
4776 11904
4781 11904
4784 11904
4790 11904
4792 10656
4799 10656
6272 397312
6280 15744
6281 15744
6288 15264
6290 15264
6296 10656
6299 10656
6304 17760
6308 17760
6312 11904
6317 11904
6320 11904
6326 11904
6328 10656
6335 10656
6400 444608
6408 15744
6409 15744
6416 15264
6418 15264
6424 10656
6427 10656
6432 17760
6436 17760
6440 11904
6445 11904
6448 11904
6454 11904
6456 10656
6463 10656
9216 327872
9224 15744
9225 15744
9232 15264
9234 15264
9240 10656
9243 10656
9248 17760
9252 17760
9256 11904
9261 11904
9264 11904
9270 11904
9272 10656
9279 10656
9344 386560
9352 15744
9353 15744
9360 15264
9362 15264
9368 10656
9371 10656
9376 17760
9380 17760
9384 11904
9389 11904
9392 11904
9398 11904
9400 10656
9407 10656
10240 414592
10248 15744
10249 15744
10256 15264
10258 15264
10264 10656
10267 10656
10272 17760
10276 17760
10280 11904
10285 11904
10288 11904
10294 11904
10296 10656
10303 10656
10368 358848
10376 15744
10377 15744
10384 15264
10386 15264
10392 10656
10395 10656
10400 17760
10404 17760
10408 11904
10413 11904
10416 11904
10422 11904
10424 10656
10431 10656
16384 450304
16392 15744
16393 15744
16400 15264
16402 15264
16408 10656
16411 10656
16416 17760
16420 17760
16424 11904
16429 11904
16432 11904
16438 11904
16440 10656
16447 10656
16640 414592
16648 15744
16649 15744
16656 15264
16658 15264
16664 10656
16667 10656
16672 17760
16676 17760
16680 11904
16685 11904
16688 11904
16694 11904
16696 10656
16703 10656
18432 403904
18440 15744
18441 15744
18448 15264
18450 15264
18456 10656
18459 10656
18464 17760
18468 17760
18472 11904
18477 11904
18480 11904
18486 11904
18488 10656
18495 10656
18688 370880
18696 15744
18697 15744
18704 15264
18706 15264
18712 10656
18715 10656
18720 17760
18724 17760
18728 11904
18733 11904
18736 11904
18742 11904
18744 10656
18751 10656
32768 123088
32769 1152
32770 1152
32771 1152
32772 1152
32773 1152
32774 2976
32775 1152
32777 15744
32786 15264
32795 10656
32804 17760
32813 11904
32822 11904
32831 10656
32832 123088
32833 1152
32834 1152
32835 1152
32836 1152
32837 1152
32838 2976
32839 1152
32840 15744
32848 15264
32856 10656
32864 17760
32872 11904
32880 11904
32888 10656
33280 20272
33344 20272
33408 19200
33472 19200
33792 19200
33856 19200
33920 19200
33984 19200
36864 19200
36928 19200
37120 19200
37184 19200
37376 19200
37440 19200
37504 19200
37568 19200
39040 19200
39104 19200
39168 19200
39232 19200
41984 19200
42048 19200
42112 19200
42176 19200
43008 19200
43072 19200
43136 19200
43200 19200
49152 19200
49216 19200
49408 19200
49472 19200
51200 19200
51264 19200
51456 19200
51520 19200
66560 36096
66688 36096
74752 23040
74880 23040
75776 24768
75904 24768
98880 24000
98944 24000
102976 24000
103040 24000
147456 31568
147712 31568
149504 30528
149760 30528
168000 26512
168192 26512
202880 24608
203008 24608
262208 31568
262720 31568
266304 24000
266816 24000
294912 94624
294913 1152
294914 1152
294915 1152
294916 1152
294917 1152
294918 2976
294919 1152
294921 15744
294930 15264
294939 10656
294948 17760
294957 11904
294966 11904
294975 10656
294976 13632
295104 13632
295424 13632
295488 94624
295489 1152
295490 1152
295491 1152
295492 1152
295493 1152
295494 2976
295495 1152
295496 15744
295504 15264
295512 10656
295520 17760
295528 11904
295536 11904
295544 10656
295552 13632
295936 13632
296064 13632
296512 13632
296640 13632
299008 13632
299072 13632
299200 13632
299264 13632
299520 13632
299584 13632
299648 13632
299840 13632
301184 13632
301312 13632
301760 13632
301888 13632
304128 13632
304256 13632
304704 13632
304832 13632
305152 13632
305280 13632
305728 13632
305856 13632
311296 13632
311552 13632
311872 13632
312128 13632
313344 13632
313600 13632
313920 13632
314176 13632
327680 100464
327681 1152
327682 1152
327683 1152
327684 1152
327685 1152
327686 2976
327687 1152
327689 15744
327698 15264
327707 10656
327716 17760
327725 11904
327734 11904
327743 10656
327744 12672
327872 12672
328256 12672
328320 100464
328321 1152
328322 1152
328323 1152
328324 1152
328325 1152
328326 2976
328327 1152
328328 15744
328336 15264
328344 10656
328352 17760
328360 11904
328368 11904
328376 10656
328384 12672
328704 12672
328832 12672
329216 12672
329344 12672
331776 12672
331840 12672
331968 12672
332032 12672
332352 12672
332416 12672
332480 12672
332672 12672
333952 12672
334080 12672
334336 12672
334720 12672
336896 12672
337024 12672
337408 12672
337536 12672
337920 12672
338048 12672
338432 12672
338560 12672
344064 12672
344320 12672
344704 12672
344960 12672
346112 12672
346368 12672
346752 12672
347008 12672
360512 29568
361088 29568
364608 23040
365184 23040
430336 26688
430656 26688
463104 25728
463488 25728
524288 112608
524289 1152
524290 1152
524291 1152
524292 1152
524293 1152
524294 2976
524295 1152
524297 15744
524306 15264
524315 10656
524324 17760
524333 11904
524342 11904
524351 10656
524352 19200
524416 19200
524864 19200
524928 19200
525312 112608
525313 1152
525314 1152
525315 1152
525316 1152
525317 1152
525318 2976
525319 1152
525320 15744
525328 15264
525336 10656
525344 17760
525352 11904
525360 11904
525368 10656
525376 19200
525440 19200
525888 19200
525952 19200
528448 19200
528640 19200
528960 19200
529024 19200
529472 19200
529664 19200
529984 19200
530048 19200
530560 19200
530688 19200
531584 19200
531712 19200
532480 20272
532608 19200
533504 20272
533632 19200
534528 19200
534656 19200
535552 19200
535680 19200
540672 19200
540928 19200
541696 19200
541952 19200
542720 19200
542976 19200
543744 19200
544000 19200
557120 36096
558080 36096
589824 96236
589825 1152
589826 1152
589827 1152
589828 1152
589829 1152
589830 2976
589831 1152
589833 15744
589842 15264
589851 10656
589860 17760
589869 11904
589878 11904
589887 10656
589888 19200
589952 19228
590400 19200
590464 19872
590848 19228
590976 96236
590977 1152
590978 1152
590979 1152
590980 1152
590981 1152
590982 2976
590983 1152
590984 15744
590992 15264
591000 10656
591008 17760
591016 11904
591024 11904
591032 10656
591040 19200
591360 19872
591552 19200
593984 19200
594176 19200
594496 19200
594560 19200
595136 19200
595328 19200
595456 19200
595648 19200
596096 19200
596224 19200
596992 19200
597376 19200
598016 19228
598144 19228
599040 19228
599168 19228
600064 19200
600192 19200
601088 19200
601216 19200
606208 19200
606464 19200
607360 19200
607616 19200
608256 19200
608512 19200
609408 19200
609664 19200
622656 36120
622720 24
623680 24
623744 36120
626752 24
626816 24
627776 24
627840 24
721024 64
721152 64
722048 64
722176 64
725120 64
725248 64
726144 64
726272 64
787072 30528
787584 30528
819776 30528
820224 30528
852608 29568
852992 29568
885312 30528
885888 30528
1052928 26496
1054976 26496
1064960 36096
1065216 24960
1067008 36096
1067264 24960
1151040 23040
1153152 23040
1196032 30528
1196288 30528
1198080 30528
1198336 30528
1216576 23808
1218816 23808
1249536 25728
1251456 25728
1315456 23040
1316992 23040
1413696 24000
1415296 24000
1479232 24768
1480960 24768
1512064 23808
1513728 23808
1582080 24000
1582208 24592
1583104 24000
1583232 24592
1647616 23808
1647744 24000
1648640 24000
1648768 23808
2097216 29568
2097728 24960
2097792 23040
2101312 29568
2101824 24960
2101888 23040
2129920 110540
2129921 1152
2129922 1152
2129923 1152
2129924 1152
2129925 1152
2129926 2976
2129927 1152
2129929 15744
2129938 15264
2129947 10656
2129956 17760
2129965 11904
2129974 11904
2129983 10656
2129984 12700
2130240 12672
2130432 12700
2130496 12700
2130560 12672
2130624 12672
2130944 12672
2131072 12672
2132160 12672
2132288 12672
2134016 12700
2134080 110540
2134081 1152
2134082 1152
2134083 1152
2134084 1152
2134085 1152
2134086 2976
2134087 1152
2134088 15744
2134096 15264
2134104 10656
2134112 17760
2134120 11904
2134128 11904
2134136 10656
2134272 12672
2134528 12700
2134592 12700
2134656 12672
2134720 12672
2135104 12672
2135232 12672
2136192 12672
2136320 12672
2139136 12672
2139264 12672
2140160 12672
2140288 12672
2143296 12672
2143424 12672
2144320 12672
2144448 12672
2146304 12672
2146560 12672
2148352 12672
2148608 12672
2150464 12672
2150720 12672
2152512 12672
2152768 12672
2196032 24000
2196096 24000
2200128 24000
2200192 24000
2228224 134944
2228225 1152
2228226 1152
2228227 1152
2228228 1152
2228229 1152
2228230 2976
2228231 1152
2228233 15744
2228242 15264
2228251 10656
2228260 17760
2228269 11904
2228278 11904
2228287 10656
2228288 15360
2228544 16032
2228800 15360
2228864 15360
2229056 15360
2229120 15360
2229248 15360
2229376 15360
2230272 15360
2230656 15360
2232384 16032
2232576 134944
2232577 1152
2232578 1152
2232579 1152
2232580 1152
2232581 1152
2232582 2976
2232583 1152
2232584 15744
2232592 15264
2232600 10656
2232608 17760
2232616 11904
2232624 11904
2232632 10656
2232640 15360
2232896 15360
2232960 15360
2233152 15360
2233216 15360
2233600 15360
2233728 15360
2234496 15360
2234624 15360
2237440 15360
2237568 15360
2238464 15360
2238592 15360
2241792 15360
2241920 15360
2242816 15360
2242944 15360
2244608 15360
2244864 15360
2246656 15360
2246912 15360
2248704 15360
2248960 15360
2250752 15360
2251008 15360
2261056 32256
2265344 32256
2359360 30528
2359872 24000
2363456 24000
2363968 30528
2392064 95440
2392065 1152
2392066 1152
2392067 1152
2392068 1152
2392069 1152
2392070 2976
2392071 1152
2392073 15744
2392082 15264
2392091 10656
2392100 17760
2392109 11904
2392118 11904
2392127 10656
2392128 13632
2392256 13632
2392576 13632
2392640 13632
2392704 13632
2392896 13632
2393088 13632
2393216 13632
2394816 13632
2394944 13632
2396160 13632
2396224 13632
2396352 13632
2396416 13632
2396672 13632
2396736 95440
2396737 1152
2396738 1152
2396739 1152
2396740 1152
2396741 1152
2396742 2976
2396743 1152
2396744 15744
2396752 15264
2396760 10656
2396768 17760
2396776 11904
2396784 11904
2396792 10656
2396800 13632
2397760 13632
2397888 13632
2398336 13632
2398464 13632
2401280 13632
2401408 13632
2402304 13632
2402432 13632
2405952 13632
2406080 13632
2406976 13632
2407104 13632
2408448 13632
2408704 13632
2410496 13632
2410752 13632
2413120 13632
2413376 13632
2415168 13632
2415424 13632
2424832 84400
2424833 1152
2424834 1152
2424835 1152
2424836 1152
2424837 1152
2424838 2976
2424839 1152
2424841 15744
2424850 15264
2424859 10656
2424868 17760
2424877 11904
2424886 11904
2424895 10656
2424896 12672
2425024 12672
2425408 12672
2425472 12672
2425536 12672
2425728 12672
2425856 12672
2425984 12672
2427392 12672
2427776 12672
2428928 12672
2428992 12672
2429120 12672
2429184 12672
2429504 12672
2429568 84400
2429569 1152
2429570 1152
2429571 1152
2429572 1152
2429573 1152
2429574 2976
2429575 1152
2429576 15744
2429584 15264
2429592 10656
2429600 17760
2429608 11904
2429616 11904
2429624 10656
2429632 12672
2430464 12672
2430592 12672
2431104 12672
2431232 12672
2434048 12672
2434176 12672
2435072 12672
2435200 12672
2438656 12672
2438784 12672
2439680 12672
2439808 12672
2441216 12672
2441472 12672
2443264 12672
2443520 12672
2445952 12672
2446208 12672
2448000 12672
2448256 12672
2457664 29568
2458240 23040
2461760 23040
2462336 29568
2523712 26688
2527488 26688
2556544 25728
2560256 25728
2655232 29568
2658368 29568
2686976 136
2687104 108
2687616 28
2688000 108
2688128 136
2688512 28
2691072 136
2691200 108
2691712 28
2692096 108
2692224 136
2692608 28
2720896 29568
2723904 29568
2753536 32256
2756864 32256
2819200 32256
2822400 32256
2884736 29568
2888320 29568
2917376 30528
2921024 30528
2950144 29568
2953856 29568
2983040 30528
2986560 30528
3211264 104192
3211265 1152
3211266 1152
3211267 1152
3211268 1152
3211269 1152
3211270 2976
3211271 1152
3211273 15744
3211282 15264
3211291 10656
3211300 17760
3211309 11904
3211318 11904
3211327 10656
3211328 12672
3211648 12672
3211840 12672
3211904 12672
3212288 12672
3212416 12672
3213504 12672
3213696 12672
3213824 12672
3214016 12672
3215424 12672
3215616 12672
3215936 12672
3216000 12672
3217536 104192
3217537 1152
3217538 1152
3217539 1152
3217540 1152
3217541 1152
3217542 2976
3217543 1152
3217544 15744
3217552 15264
3217560 10656
3217568 17760
3217576 11904
3217584 11904
3217592 10656
3217600 12672
3217664 12672
3217920 12672
3218112 12672
3218432 12672
3218560 12672
3220480 12672
3220608 12672
3221504 12672
3221632 12672
3223552 12672
3223680 12672
3226624 12672
3226752 12672
3227648 12672
3227904 12672
3229696 12672
3229952 12672
3231872 12672
3232128 12672
3233920 12672
3234176 12672
3244096 29568
3250304 29568
3276800 108896
3276801 1152
3276802 1152
3276803 1152
3276804 1152
3276805 1152
3276806 2976
3276807 1152
3276809 15744
3276818 15264
3276827 10656
3276836 17760
3276845 11904
3276854 11904
3276863 10656
3276864 13440
3277184 14112
3277376 13440
3277440 13440
3277824 13440
3277952 13440
3278848 13440
3279168 13440
3279680 13440
3279744 13440
3280960 13440
3281152 13440
3281472 13440
3281536 13440
3283072 14112
3283200 108896
3283201 1152
3283202 1152
3283203 1152
3283204 1152
3283205 1152
3283206 2976
3283207 1152
3283208 15744
3283216 15264
3283224 10656
3283232 17760
3283240 11904
3283248 11904
3283256 10656
3283264 13440
3283776 13440
3283840 13440
3284224 13440
3284352 13440
3286016 13440
3286144 13440
3287040 13440
3287168 13440
3289344 13440
3289472 13440
3292416 13440
3292544 13440
3293184 13440
3293440 13440
3295232 13440
3295488 13440
3297280 13440
3297536 13440
3299328 13440
3299584 13440
3309632 30336
3315968 30336
3408512 23040
3414144 23040
3506752 24000
3512448 24000
3572288 24768
3578112 24768
3605120 23808
3610880 23808
3671168 29568
3676288 29568
3736576 29568
3741824 29568
3802112 30336
3807488 30336
3867776 30336
3873024 30336
4195328 30528
4195456 29568
4203520 30528
4203648 29568
4260864 29568
4260992 29568
4269056 29568
4269184 29568
4718592 83664
4718593 1152
4718594 1152
4718595 1152
4718596 1152
4718597 1152
4718598 2976
4718599 1152
4718601 15744
4718610 15264
4718619 10656
4718628 17760
4718637 11904
4718646 11904
4718655 10656
4718656 12672
4718720 12672
4719168 12672
4719232 12672
4719616 12672
4719744 12672
4721664 12672
4721792 12672
4722752 12672
4722944 12672
4723264 12672
4723328 12672
4724864 12672
4724992 12672
4726784 12672
4726912 12672
4727808 83664
4727809 1152
4727810 1152
4727811 1152
4727812 1152
4727813 1152
4727814 2976
4727815 1152
4727816 15744
4727824 15264
4727832 10656
4727840 17760
4727848 11904
4727856 11904
4727864 10656
4727872 12672
4727936 12672
4728384 12672
4728448 12672
4728832 12672
4728960 12672
4731968 12672
4732160 12672
4732480 12672
4732544 12672
4734080 12672
4734208 12672
4734976 12672
4735232 12672
4737024 12672
4737280 12672
4744192 12672
4744448 12672
4746240 12672
4746496 12672
4751424 29568
4760576 29568
4784128 101200
4784129 1152
4784130 1152
4784131 1152
4784132 1152
4784133 1152
4784134 2976
4784135 1152
4784137 15744
4784146 15264
4784155 10656
4784164 17760
4784173 11904
4784182 11904
4784191 10656
4784192 12672
4784256 12672
4784704 12672
4784768 12672
4785152 12672
4785280 12672
4787200 12672
4787328 12672
4788288 12672
4788480 12672
4788800 12672
4788864 12672
4790400 12672
4790528 12672
4792320 12672
4792448 12672
4793344 12672
4793472 101200
4793473 1152
4793474 1152
4793475 1152
4793476 1152
4793477 1152
4793478 2976
4793479 1152
4793480 15744
4793488 15264
4793496 10656
4793504 17760
4793512 11904
4793520 11904
4793528 10656
4793536 12672
4793856 12672
4794048 12672
4794368 12672
4794496 12672
4797632 12672
4797824 12672
4797952 12672
4798144 12672
4799488 12672
4799872 12672
4800512 12672
4800768 12672
4802560 12672
4802816 12672
4809856 12672
4810112 12672
4811904 12672
4812160 12672
4816960 29568
4826240 29568
4981376 23040
4990080 23040
5014080 24000
5022720 24000
5046912 23040
5055488 23040
5079616 24000
5088384 24000
5242880 111424
5242881 1152
5242882 1152
5242883 1152
5242884 1152
5242885 1152
5242886 2976
5242887 1152
5242889 15744
5242898 15264
5242907 10656
5242916 17760
5242925 11904
5242934 11904
5242943 10656
5242944 13632
5243008 13632
5243456 13632
5243520 13632
5243904 13632
5244032 13632
5245952 13632
5246080 13632
5247040 13632
5247232 13632
5247552 13632
5247616 13632
5249152 13632
5249280 13632
5252096 13632
5252224 13632
5253120 111424
5253121 1152
5253122 1152
5253123 1152
5253124 1152
5253125 1152
5253126 2976
5253127 1152
5253128 15744
5253136 15264
5253144 10656
5253152 17760
5253160 11904
5253168 11904
5253176 10656
5253184 13632
5253248 13632
5253696 13632
5253760 13632
5254144 13632
5254272 13632
5255296 13632
5255424 13632
5257280 13632
5257472 13632
5257792 13632
5257856 13632
5259264 13632
5259520 13632
5261312 13632
5261568 13632
5267456 13632
5267712 13632
5269504 13632
5269760 13632
5275712 30528
5285888 30528
5308416 92832
5308417 1152
5308418 1152
5308419 1152
5308420 1152
5308421 1152
5308422 2976
5308423 1152
5308425 15744
5308434 15264
5308443 10656
5308452 17760
5308461 11904
5308470 11904
5308479 10656
5308480 13440
5308544 13440
5308992 13440
5309056 13440
5309440 13440
5309568 13440
5311488 14112
5311616 13440
5312576 13440
5312768 13440
5313088 13440
5313152 13440
5314688 13440
5314816 13440
5317632 13440
5317760 14112
5318656 13440
5318784 92832
5318785 1152
5318786 1152
5318787 1152
5318788 1152
5318789 1152
5318790 2976
5318791 1152
5318792 15744
5318800 15264
5318808 10656
5318816 17760
5318824 11904
5318832 11904
5318840 10656
5318848 13440
5319168 13440
5319360 13440
5319680 13440
5319808 13440
5320704 13440
5321088 13440
5322944 13440
5323136 13440
5323264 13440
5323456 13440
5324800 13440
5325056 13440
5326848 13440
5327104 13440
5333120 13440
5333376 13440
5335168 13440
5335424 13440
5341248 30336
5351552 30336
5505664 23808
5515392 23808
5538368 24960
5548032 24960
5571200 24000
5580800 24000
5603904 24768
5613696 24768
5768192 30564
5768320 30372
5769216 36
5769344 36
5776384 36
5776512 36
5777408 30564
5777536 30372
5833728 30336
5833856 30528
5842944 30528
5843072 30336
6297728 23808
6301824 23808
6363264 24000
6367232 24000
6428928 24768
6432768 24768
6494464 24576
6498432 24576
6852672 23040
6857728 23040
6918208 23040
6923392 23040
6951168 25728
6956032 25728
7016704 25728
7021696 25728
7082624 23040
7087232 23040
7115328 24000
7119872 24000
7148160 23040
7152640 23040
7180864 24000
7185536 24000
7376960 24000
7383040 24000
7442496 23808
7448704 23808
7475456 26688
7481344 26688
7540992 26496
7547008 26496
7606912 23808
7612544 23808
7639616 24960
7645184 24960
7672448 24000
7677952 24000
7705152 24768
7710848 24768
7870592 23040
7873664 23040
7936128 23040
7939072 23040
8001792 23808
8004608 23808
8067328 23808
8070272 23808
8388608 123488
8388609 1152
8388610 1152
8388611 1152
8388612 1152
8388613 1152
8388614 2976
8388615 1152
8388617 15744
8388626 15264
8388635 10656
8388644 17760
8388653 11904
8388662 11904
8388671 10656
8388672 19200
8388864 19872
8389184 19200
8389248 19200
8389632 19200
8389760 19200
8390656 19200
8390912 19200
8392768 19200
8392960 19200
8393280 19200
8393344 19200
8394880 19200
8395008 19200
8397824 19200
8397952 19200
8398848 19200
8398976 19200
8404992 123488
8404993 1152
8404994 1152
8404995 1152
8404996 1152
8404997 1152
8404998 2976
8404999 1152
8405000 15744
8405008 15264
8405016 10656
8405024 17760
8405032 11904
8405040 11904
8405048 10656
8405056 19200
8405248 19872
8405568 19200
8405632 19200
8406016 19200
8406144 19200
8407040 19200
8407296 19200
8409152 19200
8409344 19200
8409664 19200
8409728 19200
8411264 19200
8411392 19200
8414208 19200
8414336 19200
8415232 19200
8415360 19200
8421440 36096
8437760 36096
8519680 111424
8519681 1152
8519682 1152
8519683 1152
8519684 1152
8519685 1152
8519686 2976
8519687 1152
8519689 15744
8519698 15264
8519707 10656
8519716 17760
8519725 11904
8519734 11904
8519743 10656
8519744 13632
8519936 13632
8520256 13632
8520320 13632
8520704 13632
8520832 13632
8521728 13632
8521984 13632
8523840 13632
8524032 13632
8524352 13632
8524416 13632
8525952 13632
8526080 13632
8528896 13632
8529024 13632
8529920 13632
8530048 13632
8536064 13632
8536320 111424
8536321 1152
8536322 1152
8536323 1152
8536324 1152
8536325 1152
8536326 2976
8536327 1152
8536328 15744
8536336 15264
8536344 10656
8536352 17760
8536360 11904
8536368 11904
8536376 10656
8536384 13632
8536896 13632
8536960 13632
8537344 13632
8537472 13632
8538112 13632
8538368 13632
8540160 13632
8540480 13632
8540992 13632
8541056 13632
8542208 13632
8542592 13632
8545536 13632
8545664 13632
8546560 13632
8546688 13632
8552512 30528
8569088 30528
8684096 30528
8699904 30528
8716928 29568
8732672 29568
8815168 24960
8831232 24960
8848000 24000
8864000 24000
8913920 36096
8929280 36096
8979584 36096
8994816 36096
9044992 30528
9060608 30528
9110656 30528
9126144 30528
9437184 106716
9437185 1152
9437186 1152
9437187 1152
9437188 1152
9437189 1152
9437190 2976
9437191 1152
9437193 15744
9437202 15264
9437211 10656
9437220 17760
9437229 11904
9437238 11904
9437247 10656
9437248 19200
9437440 19228
9437760 19200
9437824 19200
9438208 19200
9438336 19200
9439232 19228
9439488 19228
9441344 19200
9441536 19200
9441856 19200
9441920 19200
9443456 19200
9443584 19200
9446400 19200
9446528 19200
9447424 19872
9447552 19200
9453568 19228
9453824 19228
9455616 106716
9455617 1152
9455618 1152
9455619 1152
9455620 1152
9455621 1152
9455622 2976
9455623 1152
9455624 15744
9455632 15264
9455640 10656
9455648 17760
9455656 11904
9455664 11904
9455672 10656
9455680 19200
9455872 19228
9456192 19200
9456256 19200
9456640 19200
9456768 19200
9457792 19200
9457920 19200
9459776 19200
9459968 19200
9460288 19200
9460352 19200
9461760 19872
9461888 19200
9464832 19200
9464960 19200
9470016 36096
9488384 36096
9568256 95440
9568257 1152
9568258 1152
9568259 1152
9568260 1152
9568261 1152
9568262 2976
9568263 1152
9568265 15744
9568274 15264
9568283 10656
9568292 17760
9568301 11904
9568310 11904
9568319 10656
9568320 13632
9568512 13632
9568832 13632
9568896 13632
9569280 13632
9569408 13632
9570304 13632
9570560 13632
9572416 13632
9572608 13632
9572928 13632
9572992 13632
9574528 13632
9574656 13632
9577472 13632
9577600 13632
9578496 13632
9578624 13632
9584640 13632
9584896 13632
9586688 13632
9586944 95440
9586945 1152
9586946 1152
9586947 1152
9586948 1152
9586949 1152
9586950 2976
9586951 1152
9586952 15744
9586960 15264
9586968 10656
9586976 17760
9586984 11904
9586992 11904
9587000 10656
9587008 13632
9587520 13632
9587584 13632
9587968 13632
9588096 13632
9588736 13632
9589120 13632
9590784 13632
9591104 13632
9591616 13632
9591680 13632
9593088 13632
9593216 13632
9596160 13632
9596288 13632
9601088 30528
9619712 30528
9732672 30528
9750528 30528
9765504 29568
9783296 29568
9863744 24960
9881856 24960
9896576 24000
9914624 24000
9962496 36128
9962624 32
9963520 32
9963648 32
9978880 32
9979008 32
9979904 36128
9980032 32
10028160 36096
10045440 36096
10093568 30528
10111232 30528
10159104 4
10159232 30532
10159360 4
10159488 4
10160128 4
10160256 4
10160384 4
10160512 4
10163200 4
10163328 4
10163456 4
10163584 4
10164224 4
10164352 4
10164480 4
10164608 4
10175488 4
10175616 4
10175744 4
10175872 4
10176512 4
10176640 4
10176768 30532
10176896 4
10179584 4
10179712 4
10179840 4
10179968 4
10180608 4
10180736 4
10180864 4
10180992 4
10490112 26688
10492160 24768
10502400 26688
10504448 24768
10522688 29568
10534912 29568
10557568 29568
10569728 29568
10621184 32256
10623232 30336
10633216 32256
10635264 30336
10653760 24000
10666240 24000
10688640 24000
10701056 24000
10785344 30528
10797056 30528
10818176 29568
10829824 29568
10916416 24960
10928384 24960
10949248 24000
10961152 24000
11075584 7
11075712 7
11076608 7
11076736 7
11077632 7
11077760 7
11078656 7
11078784 7
11079680 7
11079808 7
11080704 7
11080832 7
11081728 7
11081856 7
11082752 7
11082880 7
11091968 7
11092096 7
11092992 7
11093120 7
11094016 7
11094144 7
11095040 7
11095168 7
11096064 7
11096192 7
11097088 7
11097216 7
11098112 7
11098240 7
11099136 7
11099264 7
11538688 26688
11540736 24768
11550976 24768
11553024 26688
11571264 29568
11585536 29568
11606144 29568
11616256 29568
11669760 32256
11671808 30336
11681792 30336
11683840 32256
11702336 24000
11716864 24000
11737216 24000
11747584 24000
11833920 30528
11847680 30528
11866752 29568
11880448 29568
11964992 24960
11979008 24960
11997824 24000
12011776 24000
12593152 31568
12601344 31568
12658816 30336
12666880 30336
12724224 24960
12732672 24960
12789888 24768
12798208 24768
13116416 29568
13123584 29568
13182080 29568
13189120 29568
13247488 24000
13254912 24000
13313152 24000
13320448 24000
13641728 30528
13647872 30528
13707392 30336
13713408 30336
13772800 24960
13779200 24960
13838464 24768
13844736 24768
14164992 29568
14174208 29568
14230656 29568
14239744 29568
14296064 24000
14305536 24000
14361728 24000
14371072 24000
16777216 769184
16777281 4608
16777282 4608
16777283 4608
16777284 4608
16777285 4608
16777286 11904
16777287 4608
16777288 15744
16777289 15744
16777296 15264
16777298 15264
16777304 10656
16777307 10656
16777312 17760
16777316 17760
16777320 11904
16777325 11904
16777328 11904
16777334 11904
16777336 10656
16777343 10656
16777344 27648
16777408 18432
16777472 18432
16777536 9216
16777600 9216
16777728 18432
16777793 4608
16777794 4608
16777795 4608
16777796 4608
16777797 4608
16777798 11904
16777799 4608
16777800 15744
16777801 15744
16777808 15264
16777810 15264
16777816 10656
16777819 10656
16777824 17760
16777828 17760
16777832 11904
16777837 11904
16777840 11904
16777846 11904
16777848 10656
16777855 10656
16777857 4608
16777858 4608
16777859 4608
16777860 4608
16777861 4608
16777862 11904
16777863 4608
16777864 15744
16777865 15744
16777872 15264
16777874 15264
16777880 10656
16777883 10656
16777888 17760
16777892 17760
16777896 11904
16777901 11904
16777904 11904
16777910 11904
16777912 10656
16777919 10656
16777920 18432
16778048 9216
16778112 9216
16778241 4608
16778242 4608
16778243 4608
16778244 4608
16778245 4608
16778246 11904
16778247 4608
16778248 15744
16778249 15744
16778256 15264
16778258 15264
16778264 10656
16778267 10656
16778272 17760
16778276 17760
16778280 11904
16778285 11904
16778288 11904
16778294 11904
16778296 10656
16778303 10656
16778304 9216
16778369 4608
16778370 4608
16778371 4608
16778372 4608
16778373 4608
16778374 11904
16778375 4608
16778376 15744
16778377 15744
16778384 15264
16778386 15264
16778392 10656
16778395 10656
16778400 17760
16778404 17760
16778408 11904
16778413 11904
16778416 11904
16778422 11904
16778424 10656
16778431 10656
16778432 9216
16778752 9216
16778816 9216
16778880 9216
16778944 9216
16779264 27648
16779456 9216
16779520 18432
16779584 9216
16779648 9216
16779776 9216
16779968 9216
16780096 9216
16780160 9216
16780288 18432
16780416 18432
16781312 27648
16781377 4608
16781378 4608
16781379 4608
16781380 4608
16781381 4608
16781382 11904
16781383 4608
16781384 15744
16781385 15744
16781392 15264
16781394 15264
16781400 10656
16781403 10656
16781408 17760
16781412 17760
16781416 11904
16781421 11904
16781424 11904
16781430 11904
16781432 10656
16781439 10656
16781504 18432
16781569 4608
16781570 4608
16781571 4608
16781572 4608
16781573 4608
16781574 11904
16781575 4608
16781576 15744
16781577 15744
16781584 15264
16781586 15264
16781592 10656
16781595 10656
16781600 17760
16781604 17760
16781608 11904
16781613 11904
16781616 11904
16781622 11904
16781624 10656
16781631 10656
16781632 9216
16781824 18432
16781889 4608
16781890 4608
16781891 4608
16781892 4608
16781893 4608
16781894 11904
16781895 4608
16781896 15744
16781897 15744
16781904 15264
16781906 15264
16781912 10656
16781915 10656
16781920 17760
16781924 17760
16781928 11904
16781933 11904
16781936 11904
16781942 11904
16781944 10656
16781951 10656
16781953 4608
16781954 4608
16781955 4608
16781956 4608
16781957 4608
16781958 11904
16781959 4608
16781960 15744
16781961 15744
16781968 15264
16781970 15264
16781976 10656
16781979 10656
16781984 17760
16781988 17760
16781992 11904
16781997 11904
16782000 11904
16782006 11904
16782008 10656
16782015 10656
16782016 18432
16782144 9216
16782208 9216
16782400 9216
16782528 9216
16782592 9216
16782720 9216
16782848 9216
16782912 9216
16782976 9216
16783040 9216
16783489 4608
16783490 4608
16783491 4608
16783492 4608
16783493 4608
16783494 11904
16783495 4608
16783496 15744
16783497 15744
16783504 15264
16783506 15264
16783512 10656
16783515 10656
16783520 17760
16783524 17760
16783528 11904
16783533 11904
16783536 11904
16783542 11904
16783544 10656
16783551 10656
16783552 9216
16783617 4608
16783618 4608
16783619 4608
16783620 4608
16783621 4608
16783622 11904
16783623 4608
16783624 15744
16783625 15744
16783632 15264
16783634 15264
16783640 10656
16783643 10656
16783648 17760
16783652 17760
16783656 11904
16783661 11904
16783664 11904
16783670 11904
16783672 10656
16783679 10656
16783680 9216
16783872 9216
16784064 9216
16784192 9216
16784256 9216
16784384 9216
16784512 9216
16784640 9216
16784768 9216
16785408 18432
16785536 18432
16786433 4608
16786434 4608
16786435 4608
16786436 4608
16786437 4608
16786438 11904
16786439 4608
16786440 15744
16786441 15744
16786448 15264
16786450 15264
16786456 10656
16786459 10656
16786464 17760
16786468 17760
16786472 11904
16786477 11904
16786480 11904
16786486 11904
16786488 10656
16786495 10656
16786496 9216
16786561 4608
16786562 4608
16786563 4608
16786564 4608
16786565 4608
16786566 11904
16786567 4608
16786568 15744
16786569 15744
16786576 15264
16786578 15264
16786584 10656
16786587 10656
16786592 17760
16786596 17760
16786600 11904
16786605 11904
16786608 11904
16786614 11904
16786616 10656
16786623 10656
16786624 9216
16786944 9216
16787008 9216
16787072 9216
16787136 9216
16787457 4608
16787458 4608
16787459 4608
16787460 4608
16787461 4608
16787462 11904
16787463 4608
16787464 15744
16787465 15744
16787472 15264
16787474 15264
16787480 10656
16787483 10656
16787488 17760
16787492 17760
16787496 11904
16787501 11904
16787504 11904
16787510 11904
16787512 10656
16787519 10656
16787520 9216
16787585 4608
16787586 4608
16787587 4608
16787588 4608
16787589 4608
16787590 11904
16787591 4608
16787592 15744
16787593 15744
16787600 15264
16787602 15264
16787608 10656
16787611 10656
16787616 17760
16787620 17760
16787624 11904
16787629 11904
16787632 11904
16787638 11904
16787640 10656
16787647 10656
16787648 9216
16787968 9216
16788032 9216
16788096 9216
16788160 9216
16788480 18432
16788608 18432
16789504 9216
16789632 9216
16789760 9216
16789888 9216
16790592 9216
16790720 9216
16790784 9216
16790912 9216
16791040 9216
16791104 9216
16791168 9216
16791232 9216
16791616 9216
16791744 9216
16791808 9216
16791936 9216
16792064 9216
16792128 9216
16792192 9216
16792256 9216
16792576 9216
16792704 9216
16792832 9216
16792960 9216
16793601 4608
16793602 4608
16793603 4608
16793604 4608
16793605 4608
16793606 11904
16793607 4608
16793608 15744
16793609 15744
16793616 15264
16793618 15264
16793624 10656
16793627 10656
16793632 17760
16793636 17760
16793640 11904
16793645 11904
16793648 11904
16793654 11904
16793656 10656
16793663 10656
16793664 9216
16793857 4608
16793858 4608
16793859 4608
16793860 4608
16793861 4608
16793862 11904
16793863 4608
16793864 15744
16793865 15744
16793872 15264
16793874 15264
16793880 10656
16793883 10656
16793888 17760
16793892 17760
16793896 11904
16793901 11904
16793904 11904
16793910 11904
16793912 10656
16793919 10656
16793920 9216
16794176 9216
16794240 9216
16794432 9216
16794496 9216
16794624 9216
16794752 9216
16794880 9216
16795008 9216
16795649 4608
16795650 4608
16795651 4608
16795652 4608
16795653 4608
16795654 11904
16795655 4608
16795656 15744
16795657 15744
16795664 15264
16795666 15264
16795672 10656
16795675 10656
16795680 17760
16795684 17760
16795688 11904
16795693 11904
16795696 11904
16795702 11904
16795704 10656
16795711 10656
16795712 9216
16795905 4608
16795906 4608
16795907 4608
16795908 4608
16795909 4608
16795910 11904
16795911 4608
16795912 15744
16795913 15744
16795920 15264
16795922 15264
16795928 10656
16795931 10656
16795936 17760
16795940 17760
16795944 11904
16795949 11904
16795952 11904
16795958 11904
16795960 10656
16795967 10656
16795968 9216
16796224 9216
16796288 9216
16796480 9216
16796544 9216
16796672 9216
16796800 9216
16796928 9216
16797056 9216
16797696 18432
16797760 9216
16797824 9216
16797952 18432
16798016 9216
16798080 9216
16798272 9216
16798336 9216
16798528 9216
16798592 9216
16799744 18432
16799808 9216
16799872 9216
16800000 18432
16800064 9216
16800128 9216
16800320 9216
16800384 9216
16800576 9216
16800640 9216
16801792 9216
16801920 9216
16802048 9216
16802176 9216
16802816 9216
16802944 9216
16803072 9216
16803200 9216
16803840 9216
16803968 9216
16804096 9216
16804224 9216
16804864 9216
16804992 9216
16805120 9216
16805248 9216
16809984 123088
16809985 1152
16809986 1152
16809987 1152
16809988 1152
16809989 1152
16809990 2976
16809991 1152
16809992 15744
16810000 15264
16810008 10656
16810016 17760
16810024 11904
16810032 11904
16810040 10656
16810048 123088
16810049 1152
16810050 1152
16810051 1152
16810052 1152
16810053 1152
16810054 2976
16810055 1152
16810057 15744
16810066 15264
16810075 10656
16810084 17760
16810093 11904
16810102 11904
16810111 10656
16810496 20272
16810560 20272
16810624 19200
16810688 19200
16811008 19200
16811072 19200
16811136 19200
16811200 19200
16814080 19200
16814144 19200
16814336 19200
16814400 19200
16814592 19200
16814656 19200
16814720 19200
16814784 19200
16816256 19200
16816320 19200
16816384 19200
16816448 19200
16819200 19200
16819264 19200
16819328 19200
16819392 19200
16820224 19200
16820288 19200
16820352 19200
16820416 19200
16826368 19200
16826432 19200
16826624 19200
16826688 19200
16828416 19200
16828480 19200
16828672 19200
16828736 19200
16842752 83904
16842880 83904
16875520 48000
16875712 48000
16908288 62096
16908544 62096
16941056 26512
16941376 26512
16973824 24608
16974208 24608
17039360 55568
17039872 55568
17072128 94624
17072129 1152
17072130 1152
17072131 1152
17072132 1152
17072133 1152
17072134 2976
17072135 1152
17072136 15744
17072144 15264
17072152 10656
17072160 17760
17072168 11904
17072176 11904
17072184 10656
17072192 13632
17072320 13632
17072640 13632
17072704 94624
17072705 1152
17072706 1152
17072707 1152
17072708 1152
17072709 1152
17072710 2976
17072711 1152
17072713 15744
17072722 15264
17072731 10656
17072740 17760
17072749 11904
17072758 11904
17072767 10656
17072768 13632
17073152 13632
17073280 13632
17073728 13632
17073856 13632
17076224 13632
17076288 13632
17076416 13632
17076480 13632
17076736 13632
17076800 13632
17076864 13632
17077056 13632
17078400 13632
17078528 13632
17078976 13632
17079104 13632
17081344 13632
17081472 13632
17081920 13632
17082048 13632
17082368 13632
17082496 13632
17082944 13632
17083072 13632
17088512 13632
17088768 13632
17089088 13632
17089344 13632
17090560 13632
17090816 13632
17091136 13632
17091392 13632
17104896 100464
17104897 1152
17104898 1152
17104899 1152
17104900 1152
17104901 1152
17104902 2976
17104903 1152
17104904 15744
17104912 15264
17104920 10656
17104928 17760
17104936 11904
17104944 11904
17104952 10656
17104960 12672
17105088 12672
17105472 12672
17105536 100464
17105537 1152
17105538 1152
17105539 1152
17105540 1152
17105541 1152
17105542 2976
17105543 1152
17105545 15744
17105554 15264
17105563 10656
17105572 17760
17105581 11904
17105590 11904
17105599 10656
17105600 12672
17105920 12672
17106048 12672
17106432 12672
17106560 12672
17108992 12672
17109056 12672
17109184 12672
17109248 12672
17109568 12672
17109632 12672
17109696 12672
17109888 12672
17111168 12672
17111296 12672
17111552 12672
17111936 12672
17114112 12672
17114240 12672
17114624 12672
17114752 12672
17115136 12672
17115264 12672
17115648 12672
17115776 12672
17121280 12672
17121536 12672
17121920 12672
17122176 12672
17123328 12672
17123584 12672
17123968 12672
17124224 12672
17137664 52608
17138368 52608
17203200 26688
17204032 26688
17235968 25728
17236864 25728
17301504 112608
17301505 1152
17301506 1152
17301507 1152
17301508 1152
17301509 1152
17301510 2976
17301511 1152
17301512 15744
17301520 15264
17301528 10656
17301536 17760
17301544 11904
17301552 11904
17301560 10656
17301568 19200
17301632 19200
17302080 19200
17302144 19200
17302528 112608
17302529 1152
17302530 1152
17302531 1152
17302532 1152
17302533 1152
17302534 2976
17302535 1152
17302537 15744
17302546 15264
17302555 10656
17302564 17760
17302573 11904
17302582 11904
17302591 10656
17302592 19200
17302656 19200
17303104 19200
17303168 19200
17305664 19200
17305856 19200
17306176 19200
17306240 19200
17306688 19200
17306880 19200
17307200 19200
17307264 19200
17307776 19200
17307904 19200
17308800 19200
17308928 19200
17309696 20272
17309824 19200
17310720 20272
17310848 19200
17311744 19200
17311872 19200
17312768 19200
17312896 19200
17317888 19200
17318144 19200
17318912 19200
17319168 19200
17319936 19200
17320192 19200
17320960 19200
17321216 19200
17334272 36096
17335360 36096
17367040 96236
17367041 1152
17367042 1152
17367043 1152
17367044 1152
17367045 1152
17367046 2976
17367047 1152
17367048 15744
17367056 15264
17367064 10656
17367072 17760
17367080 11904
17367088 11904
17367096 10656
17367104 19200
17367168 19228
17367616 19200
17367680 19872
17368064 19228
17368192 96236
17368193 1152
17368194 1152
17368195 1152
17368196 1152
17368197 1152
17368198 2976
17368199 1152
17368201 15744
17368210 15264
17368219 10656
17368228 17760
17368237 11904
17368246 11904
17368255 10656
17368256 19200
17368576 19872
17368768 19200
17371200 19200
17371392 19200
17371712 19200
17371776 19200
17372352 19200
17372544 19200
17372672 19200
17372864 19200
17373312 19200
17373440 19200
17374208 19200
17374592 19200
17375232 19228
17375360 19228
17376256 19228
17376384 19228
17377280 19200
17377408 19200
17378304 19200
17378432 19200
17383424 19200
17383680 19200
17384576 19200
17384832 19200
17385472 19200
17385728 19200
17386624 19200
17386880 19200
17399808 36120
17400000 24
17400832 24
17401024 36120
17403904 24
17404096 24
17404928 24
17405120 24
17498112 64
17498496 64
17499136 64
17499520 64
17502208 64
17502592 64
17503232 64
17503616 64
17563648 30528
17565184 30528
17596416 30528
17598016 30528
17629184 29568
17630848 29568
17661952 30528
17663680 30528
17825792 87552
17827840 87552
17924096 23040
17926336 23040
17956864 61056
17959168 61056
17989632 23808
17992000 23808
18022400 25728
18024832 25728
18087936 23040
18090496 23040
18186240 24000
18188992 24000
18251776 24768
18254656 24768
18284544 23808
18287488 23808
18350080 48592
18353152 48592
18415616 47808
18418816 47808
18874368 77568
18878464 77568
18907136 110540
18907137 1152
18907138 1152
18907139 1152
18907140 1152
18907141 1152
18907142 2976
18907143 1152
18907144 15744
18907152 15264
18907160 10656
18907168 17760
18907176 11904
18907184 11904
18907192 10656
18907200 12700
18907456 12672
18907648 12700
18907712 12700
18907776 12672
18907840 12672
18908160 12672
18908288 12672
18909376 12672
18909504 12672
18911232 12700
18911296 110540
18911297 1152
18911298 1152
18911299 1152
18911300 1152
18911301 1152
18911302 2976
18911303 1152
18911305 15744
18911314 15264
18911323 10656
18911332 17760
18911341 11904
18911350 11904
18911359 10656
18911488 12672
18911744 12700
18911808 12700
18911872 12672
18911936 12672
18912320 12672
18912448 12672
18913408 12672
18913536 12672
18916352 12672
18916480 12672
18917376 12672
18917504 12672
18920512 12672
18920640 12672
18921536 12672
18921664 12672
18923520 12672
18923776 12672
18925568 12672
18925824 12672
18927680 12672
18927936 12672
18929728 12672
18929984 12672
18972672 48000
18976960 48000
19005440 134944
19005441 1152
19005442 1152
19005443 1152
19005444 1152
19005445 1152
19005446 2976
19005447 1152
19005448 15744
19005456 15264
19005464 10656
19005472 17760
19005480 11904
19005488 11904
19005496 10656
19005504 15360
19005760 16032
19006016 15360
19006080 15360
19006272 15360
19006336 15360
19006464 15360
19006592 15360
19007488 15360
19007872 15360
19009600 16032
19009792 134944
19009793 1152
19009794 1152
19009795 1152
19009796 1152
19009797 1152
19009798 2976
19009799 1152
19009801 15744
19009810 15264
19009819 10656
19009828 17760
19009837 11904
19009846 11904
19009855 10656
19009856 15360
19010112 15360
19010176 15360
19010368 15360
19010432 15360
19010816 15360
19010944 15360
19011712 15360
19011840 15360
19014656 15360
19014784 15360
19015680 15360
19015808 15360
19019008 15360
19019136 15360
19020032 15360
19020160 15360
19021824 15360
19022080 15360
19023872 15360
19024128 15360
19025920 15360
19026176 15360
19027968 15360
19028224 15360
19038208 32256
19042624 32256
19136512 54528
19141120 54528
19169280 95440
19169281 1152
19169282 1152
19169283 1152
19169284 1152
19169285 1152
19169286 2976
19169287 1152
19169288 15744
19169296 15264
19169304 10656
19169312 17760
19169320 11904
19169328 11904
19169336 10656
19169344 13632
19169472 13632
19169792 13632
19169856 13632
19169920 13632
19170112 13632
19170304 13632
19170432 13632
19172032 13632
19172160 13632
19173376 13632
19173440 13632
19173568 13632
19173632 13632
19173888 13632
19173952 95440
19173953 1152
19173954 1152
19173955 1152
19173956 1152
19173957 1152
19173958 2976
19173959 1152
19173961 15744
19173970 15264
19173979 10656
19173988 17760
19173997 11904
19174006 11904
19174015 10656
19174016 13632
19174976 13632
19175104 13632
19175552 13632
19175680 13632
19178496 13632
19178624 13632
19179520 13632
19179648 13632
19183168 13632
19183296 13632
19184192 13632
19184320 13632
19185664 13632
19185920 13632
19187712 13632
19187968 13632
19190336 13632
19190592 13632
19192384 13632
19192640 13632
19202048 84400
19202049 1152
19202050 1152
19202051 1152
19202052 1152
19202053 1152
19202054 2976
19202055 1152
19202056 15744
19202064 15264
19202072 10656
19202080 17760
19202088 11904
19202096 11904
19202104 10656
19202112 12672
19202240 12672
19202624 12672
19202688 12672
19202752 12672
19202944 12672
19203072 12672
19203200 12672
19204608 12672
19204992 12672
19206144 12672
19206208 12672
19206336 12672
19206400 12672
19206720 12672
19206784 84400
19206785 1152
19206786 1152
19206787 1152
19206788 1152
19206789 1152
19206790 2976
19206791 1152
19206793 15744
19206802 15264
19206811 10656
19206820 17760
19206829 11904
19206838 11904
19206847 10656
19206848 12672
19207680 12672
19207808 12672
19208320 12672
19208448 12672
19211264 12672
19211392 12672
19212288 12672
19212416 12672
19215872 12672
19216000 12672
19216896 12672
19217024 12672
19218432 12672
19218688 12672
19220480 12672
19220736 12672
19223168 12672
19223424 12672
19225216 12672
19225472 12672
19234816 52608
19239616 52608
19300352 26688
19305280 26688
19333120 25728
19338112 25728
19431424 29568
19436608 29568
19464192 136
19464320 108
19464832 28
19465216 108
19465344 136
19465728 28
19468288 136
19468416 108
19468928 28
19469312 108
19469440 136
19469824 28
19496960 29568
19502272 29568
19529728 32256
19535104 32256
19595264 32256
19600768 32256
19660800 29568
19666432 29568
19693568 30528
19699264 30528
19726336 29568
19732096 29568
19759104 30528
19764928 30528
19988480 104192
19988481 1152
19988482 1152
19988483 1152
19988484 1152
19988485 1152
19988486 2976
19988487 1152
19988488 15744
19988496 15264
19988504 10656
19988512 17760
19988520 11904
19988528 11904
19988536 10656
19988544 12672
19988864 12672
19989056 12672
19989120 12672
19989504 12672
19989632 12672
19990720 12672
19990912 12672
19991040 12672
19991232 12672
19992640 12672
19992832 12672
19993152 12672
19993216 12672
19994752 104192
19994753 1152
19994754 1152
19994755 1152
19994756 1152
19994757 1152
19994758 2976
19994759 1152
19994761 15744
19994770 15264
19994779 10656
19994788 17760
19994797 11904
19994806 11904
19994815 10656
19994816 12672
19994880 12672
19995136 12672
19995328 12672
19995648 12672
19995776 12672
19997696 12672
19997824 12672
19998720 12672
19998848 12672
20000768 12672
20000896 12672
20003840 12672
20003968 12672
20004864 12672
20005120 12672
20006912 12672
20007168 12672
20009088 12672
20009344 12672
20011136 12672
20011392 12672
20021248 29568
20027584 29568
20054016 108896
20054017 1152
20054018 1152
20054019 1152
20054020 1152
20054021 1152
20054022 2976
20054023 1152
20054024 15744
20054032 15264
20054040 10656
20054048 17760
20054056 11904
20054064 11904
20054072 10656
20054080 13440
20054400 14112
20054592 13440
20054656 13440
20055040 13440
20055168 13440
20056064 13440
20056384 13440
20056896 13440
20056960 13440
20058176 13440
20058368 13440
20058688 13440
20058752 13440
20060288 14112
20060416 108896
20060417 1152
20060418 1152
20060419 1152
20060420 1152
20060421 1152
20060422 2976
20060423 1152
20060425 15744
20060434 15264
20060443 10656
20060452 17760
20060461 11904
20060470 11904
20060479 10656
20060480 13440
20060992 13440
20061056 13440
20061440 13440
20061568 13440
20063232 13440
20063360 13440
20064256 13440
20064384 13440
20066560 13440
20066688 13440
20069632 13440
20069760 13440
20070400 13440
20070656 13440
20072448 13440
20072704 13440
20074496 13440
20074752 13440
20076544 13440
20076800 13440
20086784 30336
20093248 30336
20185088 23040
20191744 23040
20283392 24000
20290240 24000
20348928 24768
20355904 24768
20381696 23808
20388736 23808
20447232 29568
20454400 29568
20512768 29568
20520064 29568
20578304 30336
20585728 30336
20643840 30336
20651392 30336
20971520 60096
20979712 60096
21037056 59136
21045376 59136
21495808 83664
21495809 1152
21495810 1152
21495811 1152
21495812 1152
21495813 1152
21495814 2976
21495815 1152
21495816 15744
21495824 15264
21495832 10656
21495840 17760
21495848 11904
21495856 11904
21495864 10656
21495872 12672
21495936 12672
21496384 12672
21496448 12672
21496832 12672
21496960 12672
21498880 12672
21499008 12672
21499968 12672
21500160 12672
21500480 12672
21500544 12672
21502080 12672
21502208 12672
21504000 12672
21504128 12672
21505024 83664
21505025 1152
21505026 1152
21505027 1152
21505028 1152
21505029 1152
21505030 2976
21505031 1152
21505033 15744
21505042 15264
21505051 10656
21505060 17760
21505069 11904
21505078 11904
21505087 10656
21505088 12672
21505152 12672
21505600 12672
21505664 12672
21506048 12672
21506176 12672
21509184 12672
21509376 12672
21509696 12672
21509760 12672
21511296 12672
21511424 12672
21512192 12672
21512448 12672
21514240 12672
21514496 12672
21521408 12672
21521664 12672
21523456 12672
21523712 12672
21528576 29568
21537856 29568
21561344 101200
21561345 1152
21561346 1152
21561347 1152
21561348 1152
21561349 1152
21561350 2976
21561351 1152
21561352 15744
21561360 15264
21561368 10656
21561376 17760
21561384 11904
21561392 11904
21561400 10656
21561408 12672
21561472 12672
21561920 12672
21561984 12672
21562368 12672
21562496 12672
21564416 12672
21564544 12672
21565504 12672
21565696 12672
21566016 12672
21566080 12672
21567616 12672
21567744 12672
21569536 12672
21569664 12672
21570560 12672
21570688 101200
21570689 1152
21570690 1152
21570691 1152
21570692 1152
21570693 1152
21570694 2976
21570695 1152
21570697 15744
21570706 15264
21570715 10656
21570724 17760
21570733 11904
21570742 11904
21570751 10656
21570752 12672
21571072 12672
21571264 12672
21571584 12672
21571712 12672
21574848 12672
21575040 12672
21575168 12672
21575360 12672
21576704 12672
21577088 12672
21577728 12672
21577984 12672
21579776 12672
21580032 12672
21587072 12672
21587328 12672
21589120 12672
21589376 12672
21594112 29568
21603520 29568
21757952 23040
21767680 23040
21790720 24000
21800512 24000
21823488 23040
21833344 23040
21856256 24000
21866176 24000
22020096 111424
22020097 1152
22020098 1152
22020099 1152
22020100 1152
22020101 1152
22020102 2976
22020103 1152
22020104 15744
22020112 15264
22020120 10656
22020128 17760
22020136 11904
22020144 11904
22020152 10656
22020160 13632
22020224 13632
22020672 13632
22020736 13632
22021120 13632
22021248 13632
22023168 13632
22023296 13632
22024256 13632
22024448 13632
22024768 13632
22024832 13632
22026368 13632
22026496 13632
22029312 13632
22029440 13632
22030336 111424
22030337 1152
22030338 1152
22030339 1152
22030340 1152
22030341 1152
22030342 2976
22030343 1152
22030345 15744
22030354 15264
22030363 10656
22030372 17760
22030381 11904
22030390 11904
22030399 10656
22030400 13632
22030464 13632
22030912 13632
22030976 13632
22031360 13632
22031488 13632
22032512 13632
22032640 13632
22034496 13632
22034688 13632
22035008 13632
22035072 13632
22036480 13632
22036736 13632
22038528 13632
22038784 13632
22044672 13632
22044928 13632
22046720 13632
22046976 13632
22052864 30528
22063168 30528
22085632 92832
22085633 1152
22085634 1152
22085635 1152
22085636 1152
22085637 1152
22085638 2976
22085639 1152
22085640 15744
22085648 15264
22085656 10656
22085664 17760
22085672 11904
22085680 11904
22085688 10656
22085696 13440
22085760 13440
22086208 13440
22086272 13440
22086656 13440
22086784 13440
22088704 14112
22088832 13440
22089792 13440
22089984 13440
22090304 13440
22090368 13440
22091904 13440
22092032 13440
22094848 13440
22094976 14112
22095872 13440
22096000 92832
22096001 1152
22096002 1152
22096003 1152
22096004 1152
22096005 1152
22096006 2976
22096007 1152
22096009 15744
22096018 15264
22096027 10656
22096036 17760
22096045 11904
22096054 11904
22096063 10656
22096064 13440
22096384 13440
22096576 13440
22096896 13440
22097024 13440
22097920 13440
22098304 13440
22100160 13440
22100352 13440
22100480 13440
22100672 13440
22102016 13440
22102272 13440
22104064 13440
22104320 13440
22110336 13440
22110592 13440
22112384 13440
22112640 13440
22118400 30336
22128832 30336
22282240 23808
22292992 23808
22315008 24960
22325824 24960
22347776 24000
22358656 24000
22380544 24768
22391488 24768
22544384 60900
22544512 36
22547456 36
22547584 36
22552576 36
22552704 36
22555648 60900
22555776 36
22609920 60864
22621312 60864
23068672 23808
23080960 23808
23134208 24000
23146624 24000
23199744 24768
23212288 24768
23265280 24576
23277952 24576
23625728 23040
23639104 23040
23691264 23040
23704768 23040
23724032 25728
23737600 25728
23789568 25728
23803264 25728
23855104 23040
23868928 23040
23887872 24000
23901760 24000
23920640 23040
23934592 23040
23953408 24000
23967424 24000
24150016 24000
24164416 24000
24215552 23808
24230080 23808
24248320 26688
24262912 26688
24313856 26496
24328576 26496
24379392 23808
24394240 23808
24412160 24960
24427072 24960
24444928 24000
24459904 24000
24477696 24768
24492736 24768
24641536 23040
24656896 23040
24707072 23040
24722560 23040
24772608 23808
24788224 23808
24838144 23808
24853888 23808
25165824 123488
25165825 1152
25165826 1152
25165827 1152
25165828 1152
25165829 1152
25165830 2976
25165831 1152
25165832 15744
25165840 15264
25165848 10656
25165856 17760
25165864 11904
25165872 11904
25165880 10656
25165888 19200
25166080 19872
25166400 19200
25166464 19200
25166848 19200
25166976 19200
25167872 19200
25168128 19200
25169984 19200
25170176 19200
25170496 19200
25170560 19200
25172096 19200
25172224 19200
25175040 19200
25175168 19200
25176064 19200
25176192 19200
25182208 123488
25182209 1152
25182210 1152
25182211 1152
25182212 1152
25182213 1152
25182214 2976
25182215 1152
25182217 15744
25182226 15264
25182235 10656
25182244 17760
25182253 11904
25182262 11904
25182271 10656
25182272 19200
25182464 19872
25182784 19200
25182848 19200
25183232 19200
25183360 19200
25184256 19200
25184512 19200
25186368 19200
25186560 19200
25186880 19200
25186944 19200
25188480 19200
25188608 19200
25191424 19200
25191552 19200
25192448 19200
25192576 19200
25198592 36096
25215040 36096
25296896 111424
25296897 1152
25296898 1152
25296899 1152
25296900 1152
25296901 1152
25296902 2976
25296903 1152
25296904 15744
25296912 15264
25296920 10656
25296928 17760
25296936 11904
25296944 11904
25296952 10656
25296960 13632
25297152 13632
25297472 13632
25297536 13632
25297920 13632
25298048 13632
25298944 13632
25299200 13632
25301056 13632
25301248 13632
25301568 13632
25301632 13632
25303168 13632
25303296 13632
25306112 13632
25306240 13632
25307136 13632
25307264 13632
25313280 13632
25313536 111424
25313537 1152
25313538 1152
25313539 1152
25313540 1152
25313541 1152
25313542 2976
25313543 1152
25313545 15744
25313554 15264
25313563 10656
25313572 17760
25313581 11904
25313590 11904
25313599 10656
25313600 13632
25314112 13632
25314176 13632
25314560 13632
25314688 13632
25315328 13632
25315584 13632
25317376 13632
25317696 13632
25318208 13632
25318272 13632
25319424 13632
25319808 13632
25322752 13632
25322880 13632
25323776 13632
25323904 13632
25329664 30528
25346368 30528
25460736 30528
25477696 30528
25493504 29568
25510528 29568
25591808 24960
25609024 24960
25624576 24000
25641856 24000
25690112 36096
25707520 36096
25755648 36096
25773184 36096
25821184 30528
25838848 30528
25886720 30528
25904512 30528
26214400 106716
26214401 1152
26214402 1152
26214403 1152
26214404 1152
26214405 1152
26214406 2976
26214407 1152
26214408 15744
26214416 15264
26214424 10656
26214432 17760
26214440 11904
26214448 11904
26214456 10656
26214464 19200
26214656 19228
26214976 19200
26215040 19200
26215424 19200
26215552 19200
26216448 19228
26216704 19228
26218560 19200
26218752 19200
26219072 19200
26219136 19200
26220672 19200
26220800 19200
26223616 19200
26223744 19200
26224640 19872
26224768 19200
26230784 19228
26231040 19228
26232832 106716
26232833 1152
26232834 1152
26232835 1152
26232836 1152
26232837 1152
26232838 2976
26232839 1152
26232841 15744
26232850 15264
26232859 10656
26232868 17760
26232877 11904
26232886 11904
26232895 10656
26232896 19200
26233088 19228
26233408 19200
26233472 19200
26233856 19200
26233984 19200
26235008 19200
26235136 19200
26236992 19200
26237184 19200
26237504 19200
26237568 19200
26238976 19872
26239104 19200
26242048 19200
26242176 19200
26247168 36096
26265664 36096
26345472 95440
26345473 1152
26345474 1152
26345475 1152
26345476 1152
26345477 1152
26345478 2976
26345479 1152
26345480 15744
26345488 15264
26345496 10656
26345504 17760
26345512 11904
26345520 11904
26345528 10656
26345536 13632
26345728 13632
26346048 13632
26346112 13632
26346496 13632
26346624 13632
26347520 13632
26347776 13632
26349632 13632
26349824 13632
26350144 13632
26350208 13632
26351744 13632
26351872 13632
26354688 13632
26354816 13632
26355712 13632
26355840 13632
26361856 13632
26362112 13632
26363904 13632
26364160 95440
26364161 1152
26364162 1152
26364163 1152
26364164 1152
26364165 1152
26364166 2976
26364167 1152
26364169 15744
26364178 15264
26364187 10656
26364196 17760
26364205 11904
26364214 11904
26364223 10656
26364224 13632
26364736 13632
26364800 13632
26365184 13632
26365312 13632
26365952 13632
26366336 13632
26368000 13632
26368320 13632
26368832 13632
26368896 13632
26370304 13632
26370432 13632
26373376 13632
26373504 13632
26378240 30528
26396992 30528
26509312 30528
26528320 30528
26542080 29568
26561152 29568
26640384 24960
26659648 24960
26673152 24000
26692480 24000
26738688 36128
26738816 32
26741760 32
26741888 32
26755072 32
26755200 32
26758144 36128
26758272 32
26804224 36096
26823808 36096
26869760 30528
26889472 30528
26935296 30532
26935424 4
26935552 4
26935680 4
26938368 4
26938496 4
26938624 4
26938752 4
26939392 4
26939520 4
26939648 4
26939776 4
26942464 4
26942592 4
26942720 4
26942848 4
26951680 4
26951808 4
26951936 4
26952064 4
26954752 4
26954880 4
26955008 4
26955136 30532
26955776 4
26955904 4
26956032 4
26956160 4
26958848 4
26958976 4
26959104 4
26959232 4
27262976 51456
27283456 51456
27295744 29568
27316288 29568
27328512 29568
27349120 29568
27394048 62592
27414784 62592
27426816 24000
27447616 24000
27459584 24000
27480448 24000
27557888 30528
27578944 30528
27590656 29568
27611776 29568
27688960 24960
27710272 24960
27721728 24000
27743104 24000
27852800 7
27852928 7
27853824 7
27853952 7
27854848 7
27854976 7
27855872 7
27856000 7
27856896 7
27857024 7
27857920 7
27858048 7
27858944 7
27859072 7
27859968 7
27860096 7
27869184 7
27869312 7
27870208 7
27870336 7
27871232 7
27871360 7
27872256 7
27872384 7
27873280 7
27873408 7
27874304 7
27874432 7
27875328 7
27875456 7
27876352 7
27876480 7
28311552 51456
28334080 51456
28344320 29568
28366912 29568
28377088 29568
28399744 29568
28442624 62592
28465408 62592
28475392 24000
28498240 24000
28508160 24000
28531072 24000
28606464 30528
28629568 30528
28639232 29568
28662400 29568
28737536 24960
28760896 24960
28770304 24000
28793728 24000
29360128 31568
29384704 31568
29425664 30336
29450368 30336
29491200 24960
29516032 24960
29556736 24768
29581696 24768
29884416 29568
29910016 29568
29949952 29568
29975680 29568
30015488 24000
30041344 24000
30081024 24000
30107008 24000
30408704 30528
30435328 30528
30474240 30336
30500992 30336
30539776 24960
30566656 24960
30605312 24768
30632320 24768
30932992 29568
30960640 29568
30998528 29568
31026304 29568
31064064 24000
31091968 24000
31129600 24000
31157632 24000
33554432 384592
33554496 225152
33554497 2304
33554498 2304
33554499 2304
33554500 2304
33554501 2304
33554502 5952
33554503 2304
33554504 31488
33554512 30528
33554520 21312
33554528 35520
33554536 23808
33554544 23808
33554552 21312
33554560 13824
33554624 9216
33554688 9216
33554752 4608
33554816 4608
33554944 9216
33555008 183296
33555009 2304
33555010 2304
33555011 2304
33555012 2304
33555013 2304
33555014 5952
33555015 2304
33555016 31488
33555024 30528
33555032 21312
33555040 35520
33555048 23808
33555056 23808
33555064 21312
33555072 191936
33555073 2304
33555074 2304
33555075 2304
33555076 2304
33555077 2304
33555078 5952
33555079 2304
33555080 31488
33555088 30528
33555096 21312
33555104 35520
33555112 23808
33555120 23808
33555128 21312
33555136 9216
33555264 4608
33555328 4608
33555456 211712
33555457 2304
33555458 2304
33555459 2304
33555460 2304
33555461 2304
33555462 5952
33555463 2304
33555464 31488
33555472 30528
33555480 21312
33555488 35520
33555496 23808
33555504 23808
33555512 21312
33555520 4608
33555584 184512
33555585 2304
33555586 2304
33555587 2304
33555588 2304
33555589 2304
33555590 5952
33555591 2304
33555592 31488
33555600 30528
33555608 21312
33555616 35520
33555624 23808
33555632 23808
33555640 21312
33555648 4608
33555968 4608
33556032 4608
33556096 4608
33556160 4608
33556480 13824
33556672 4608
33556736 9216
33556800 4608
33556864 4608
33556992 4608
33557184 4608
33557312 4608
33557376 4608
33557504 9216
33557632 9216
33558528 13824
33558592 209408
33558593 2304
33558594 2304
33558595 2304
33558596 2304
33558597 2304
33558598 5952
33558599 2304
33558600 31488
33558608 30528
33558616 21312
33558624 35520
33558632 23808
33558640 23808
33558648 21312
33558720 9216
33558784 236288
33558785 2304
33558786 2304
33558787 2304
33558788 2304
33558789 2304
33558790 5952
33558791 2304
33558792 31488
33558800 30528
33558808 21312
33558816 35520
33558824 23808
33558832 23808
33558840 21312
33558848 4608
33559040 9216
33559104 185440
33559105 2304
33559106 2304
33559107 2304
33559108 2304
33559109 2304
33559110 5952
33559111 2304
33559112 31488
33559120 30528
33559128 21312
33559136 35520
33559144 23808
33559152 23808
33559160 21312
33559168 166080
33559169 2304
33559170 2304
33559171 2304
33559172 2304
33559173 2304
33559174 5952
33559175 2304
33559176 31488
33559184 30528
33559192 21312
33559200 35520
33559208 23808
33559216 23808
33559224 21312
33559232 9216
33559360 4608
33559424 4608
33559616 4608
33559744 4608
33559808 4608
33559936 4608
33560064 4608
33560128 4608
33560192 4608
33560256 4608
33560704 198656
33560705 2304
33560706 2304
33560707 2304
33560708 2304
33560709 2304
33560710 5952
33560711 2304
33560712 31488
33560720 30528
33560728 21312
33560736 35520
33560744 23808
33560752 23808
33560760 21312
33560768 4608
33560832 222304
33560833 2304
33560834 2304
33560835 2304
33560836 2304
33560837 2304
33560838 5952
33560839 2304
33560840 31488
33560848 30528
33560856 21312
33560864 35520
33560872 23808
33560880 23808
33560888 21312
33560896 4608
33561088 4608
33561280 4608
33561408 4608
33561472 4608
33561600 4608
33561728 4608
33561856 4608
33561984 4608
33562624 9216
33562752 9216
33563648 163936
33563649 2304
33563650 2304
33563651 2304
33563652 2304
33563653 2304
33563654 5952
33563655 2304
33563656 31488
33563664 30528
33563672 21312
33563680 35520
33563688 23808
33563696 23808
33563704 21312
33563712 4608
33563776 193280
33563777 2304
33563778 2304
33563779 2304
33563780 2304
33563781 2304
33563782 5952
33563783 2304
33563784 31488
33563792 30528
33563800 21312
33563808 35520
33563816 23808
33563824 23808
33563832 21312
33563840 4608
33564160 4608
33564224 4608
33564288 4608
33564352 4608
33564672 207296
33564673 2304
33564674 2304
33564675 2304
33564676 2304
33564677 2304
33564678 5952
33564679 2304
33564680 31488
33564688 30528
33564696 21312
33564704 35520
33564712 23808
33564720 23808
33564728 21312
33564736 4608
33564800 179424
33564801 2304
33564802 2304
33564803 2304
33564804 2304
33564805 2304
33564806 5952
33564807 2304
33564808 31488
33564816 30528
33564824 21312
33564832 35520
33564840 23808
33564848 23808
33564856 21312
33564864 4608
33565184 4608
33565248 4608
33565312 4608
33565376 4608
33565696 9216
33565824 9216
33566720 4608
33566848 4608
33566976 4608
33567104 4608
33567808 4608
33567936 4608
33568000 4608
33568128 4608
33568256 4608
33568320 4608
33568384 4608
33568448 4608
33568832 4608
33568960 4608
33569024 4608
33569152 4608
33569280 4608
33569344 4608
33569408 4608
33569472 4608
33569792 4608
33569920 4608
33570048 4608
33570176 4608
33570816 225152
33570817 2304
33570818 2304
33570819 2304
33570820 2304
33570821 2304
33570822 5952
33570823 2304
33570824 31488
33570832 30528
33570840 21312
33570848 35520
33570856 23808
33570864 23808
33570872 21312
33570880 4608
33571072 207296
33571073 2304
33571074 2304
33571075 2304
33571076 2304
33571077 2304
33571078 5952
33571079 2304
33571080 31488
33571088 30528
33571096 21312
33571104 35520
33571112 23808
33571120 23808
33571128 21312
33571136 4608
33571392 4608
33571456 4608
33571648 4608
33571712 4608
33571840 4608
33571968 4608
33572096 4608
33572224 4608
33572864 201952
33572865 2304
33572866 2304
33572867 2304
33572868 2304
33572869 2304
33572870 5952
33572871 2304
33572872 31488
33572880 30528
33572888 21312
33572896 35520
33572904 23808
33572912 23808
33572920 21312
33572928 4608
33573120 185440
33573121 2304
33573122 2304
33573123 2304
33573124 2304
33573125 2304
33573126 5952
33573127 2304
33573128 31488
33573136 30528
33573144 21312
33573152 35520
33573160 23808
33573168 23808
33573176 21312
33573184 4608
33573440 4608
33573504 4608
33573696 4608
33573760 4608
33573888 4608
33574016 4608
33574144 4608
33574272 4608
33574912 9216
33574976 4608
33575040 4608
33575168 9216
33575232 4608
33575296 4608
33575488 4608
33575552 4608
33575744 4608
33575808 4608
33576960 9216
33577024 4608
33577088 4608
33577216 9216
33577280 4608
33577344 4608
33577536 4608
33577600 4608
33577792 4608
33577856 4608
33579008 4608
33579136 4608
33579264 4608
33579392 4608
33580032 4608
33580160 4608
33580288 4608
33580416 4608
33581056 4608
33581184 4608
33581312 4608
33581440 4608
33582080 4608
33582208 4608
33582336 4608
33582464 4608
33587201 2304
33587202 2304
33587203 2304
33587204 2304
33587205 2304
33587206 5952
33587207 2304
33587208 7872
33587209 7872
33587216 7632
33587218 7632
33587224 5328
33587227 5328
33587232 8880
33587236 8880
33587240 5952
33587245 5952
33587248 5952
33587254 5952
33587256 5328
33587263 5328
33587264 246176
33587272 7872
33587273 7872
33587280 7632
33587282 7632
33587288 5328
33587291 5328
33587296 8880
33587300 8880
33587304 5952
33587309 5952
33587312 5952
33587318 5952
33587320 5328
33587327 5328
33587776 40544
33587840 38400
33588224 38400
33588352 38400
33591360 38400
33591552 38400
33591872 38400
33591936 38400
33593472 38400
33593600 38400
33596416 38400
33596544 38400
33597440 38400
33597568 38400
33603584 38400
33603840 38400
33605632 38400
33605888 38400
33619968 41952
33620096 41952
33620992 18048
33621120 18048
33629184 11520
33629312 11520
33630208 12384
33630336 12384
33652736 24000
33652928 24000
33653312 12000
33653376 12000
33657408 12000
33657472 12000
33685504 31048
33685760 31048
33701888 15784
33702144 15784
33703936 15264
33704192 15264
33718272 13256
33718592 13256
33722432 13256
33722624 13256
33751040 12304
33751424 12304
33757312 12304
33757440 12304
33816576 27784
33816640 15784
33817088 27784
33817152 15784
33820736 12000
33821248 12000
33849345 2304
33849346 2304
33849347 2304
33849348 2304
33849349 2304
33849350 5952
33849351 2304
33849352 7872
33849353 7872
33849360 7632
33849362 7632
33849368 5328
33849371 5328
33849376 8880
33849380 8880
33849384 5952
33849389 5952
33849392 5952
33849398 5952
33849400 5328
33849407 5328
33849408 27264
33849920 189248
33849928 7872
33849929 7872
33849936 7632
33849938 7632
33849944 5328
33849947 5328
33849952 8880
33849956 8880
33849960 5952
33849965 5952
33849968 5952
33849974 5952
33849976 5328
33849983 5328
33849984 27264
33850368 27264
33850496 27264
33853504 27264
33853696 27264
33854016 27264
33854080 27264
33855616 27264
33855744 27264
33858560 27264
33858688 27264
33859584 27264
33859712 27264
33865728 27264
33865984 27264
33867776 27264
33868032 27264
33882113 2304
33882114 2304
33882115 2304
33882116 2304
33882117 2304
33882118 5952
33882119 2304
33882120 7872
33882121 7872
33882128 7632
33882130 7632
33882136 5328
33882139 5328
33882144 8880
33882148 8880
33882152 5952
33882157 5952
33882160 5952
33882166 5952
33882168 5328
33882175 5328
33882176 25344
33882688 25344
33882752 200928
33882760 7872
33882761 7872
33882768 7632
33882770 7632
33882776 5328
33882779 5328
33882784 8880
33882788 8880
33882792 5952
33882797 5952
33882800 5952
33882806 5952
33882808 5328
33882815 5328
33883136 25344
33883264 25344
33886272 25344
33886464 25344
33886784 25344
33886848 25344
33888384 25344
33888512 25344
33891328 25344
33891456 25344
33892352 25344
33892480 25344
33898496 25344
33898752 25344
33900544 25344
33900800 25344
33914880 26304
33914944 14784
33915520 14784
33915584 26304
33919040 11520
33919616 11520
33980416 13344
33981248 13344
33984768 13344
33985088 13344
34013184 12864
34014080 12864
34017536 12864
34017920 12864
34078721 2304
34078722 2304
34078723 2304
34078724 2304
34078725 2304
34078726 5952
34078727 2304
34078728 7872
34078729 7872
34078736 7632
34078738 7632
34078744 5328
34078747 5328
34078752 8880
34078756 8880
34078760 5952
34078765 5952
34078768 5952
34078774 5952
34078776 5328
34078783 5328
34078784 38400
34079296 38400
34079360 38400
34079744 225216
34079752 7872
34079753 7872
34079760 7632
34079762 7632
34079768 5328
34079771 5328
34079776 8880
34079780 8880
34079784 5952
34079789 5952
34079792 5952
34079798 5952
34079800 5328
34079807 5328
34079872 38400
34082880 38400
34083072 38400
34083392 38400
34083456 38400
34084992 38400
34085120 38400
34087936 40544
34088064 38400
34088960 38400
34089088 38400
34095104 38400
34095360 38400
34097152 38400
34097408 38400
34111488 18048
34111552 18048
34112512 18048
34112576 18048
34144257 2304
34144258 2304
34144259 2304
34144260 2304
34144261 2304
34144262 5952
34144263 2304
34144264 7872
34144265 7872
34144272 7632
34144274 7632
34144280 5328
34144283 5328
34144288 8880
34144292 8880
34144296 5952
34144301 5952
34144304 5952
34144310 5952
34144312 5328
34144319 5328
34144320 38400
34144832 38400
34144896 39744
34145280 38456
34145408 192472
34145416 7872
34145417 7872
34145424 7632
34145426 7632
34145432 5328
34145435 5328
34145440 8880
34145444 8880
34145448 5952
34145453 5952
34145456 5952
34145462 5952
34145464 5328
34145471 5328
34148416 38400
34148608 38400
34148928 38400
34148992 38400
34150528 38400
34150656 38400
34153472 38456
34153600 38456
34154496 38400
34154624 38400
34160640 38400
34160896 38400
34162688 38400
34162944 38400
34177024 18060
34177088 18060
34177152 12
34177216 12
34178048 12
34178112 12
34178176 18060
34178240 18060
34181120 12
34181184 12
34181248 12
34181312 12
34182144 12
34182208 12
34182272 12
34182336 12
34275328 32
34275456 32
34275584 32
34275712 32
34276352 32
34276480 32
34276608 32
34276736 32
34279424 32
34279552 32
34279680 32
34279808 32
34280448 32
34280576 32
34280704 32
34280832 32
34340864 15264
34341504 15264
34342016 15264
34342400 15264
34373632 15264
34374208 15264
34374656 15264
34375232 15264
34406400 14784
34407040 14784
34407424 14784
34408064 14784
34439168 15264
34439744 15264
34440320 15264
34440896 15264
34603008 43776
34605056 43776
34607360 13248
34609408 13248
34619392 18048
34619648 12480
34621440 18048
34621696 12480
34701312 11520
34703552 11520
34705472 11520
34707584 11520
34734080 30528
34736384 30528
34750464 15264
34750720 15264
34752512 15264
34752768 15264
34766848 11904
34769216 11904
34771008 11904
34773248 11904
34799616 12864
34802048 12864
34803968 12864
34805888 12864
34865152 11520
34867712 11520
34869888 11520
34871424 11520
34963456 12000
34966208 12000
34968128 12000
34969728 12000
35028992 12384
35031872 12384
35033664 12384
35035392 12384
35061760 11904
35064704 11904
35066496 11904
35068160 11904
35127296 24296
35130368 24296
35136512 12000
35136640 12296
35137536 12000
35137664 12296
35192832 23904
35196032 23904
35202048 11904
35202176 12000
35203072 12000
35203200 11904
35651584 38784
35651648 14784
35652160 12480
35652224 11520
35655680 38784
35655744 14784
35656256 12480
35656320 11520
35684353 2304
35684354 2304
35684355 2304
35684356 2304
35684357 2304
35684358 5952
35684359 2304
35684360 7872
35684361 7872
35684368 7632
35684370 7632
35684376 5328
35684379 5328
35684384 8880
35684388 8880
35684392 5952
35684397 5952
35684400 5952
35684406 5952
35684408 5328
35684415 5328
35684416 25400
35684928 25400
35684992 25344
35685376 25344
35685504 25344
35688512 221080
35688520 7872
35688521 7872
35688528 7632
35688530 7632
35688536 5328
35688539 5328
35688544 8880
35688548 8880
35688552 5952
35688557 5952
35688560 5952
35688566 5952
35688568 5328
35688575 5328
35688704 25344
35689024 25400
35689088 25344
35690624 25344
35690752 25344
35693568 25344
35693696 25344
35694592 25344
35694720 25344
35700736 25344
35700992 25344
35702784 25344
35703040 25344
35749888 24000
35750464 12000
35750528 12000
35754176 24000
35754560 12000
35754624 12000
35782657 2304
35782658 2304
35782659 2304
35782660 2304
35782661 2304
35782662 5952
35782663 2304
35782664 7872
35782665 7872
35782672 7632
35782674 7632
35782680 5328
35782683 5328
35782688 8880
35782692 8880
35782696 5952
35782701 5952
35782704 5952
35782710 5952
35782712 5328
35782719 5328
35782720 30720
35783232 30720
35783296 30720
35783680 30720
35783808 30720
35786816 32064
35787008 269888
35787016 7872
35787017 7872
35787024 7632
35787026 7632
35787032 5328
35787035 5328
35787040 8880
35787044 8880
35787048 5952
35787053 5952
35787056 5952
35787062 5952
35787064 5328
35787071 5328
35787328 30720
35787392 30720
35788928 30720
35789056 30720
35791872 30720
35792000 30720
35792896 30720
35793024 30720
35799040 30720
35799296 30720
35801088 30720
35801344 30720
35815424 16128
35815488 16128
35819776 16128
35819840 16128
35913728 27264
35913792 15264
35914304 12000
35917888 12000
35918336 27264
35918400 15264
35946497 2304
35946498 2304
35946499 2304
35946500 2304
35946501 2304
35946502 5952
35946503 2304
35946504 7872
35946505 7872
35946512 7632
35946514 7632
35946520 5328
35946523 5328
35946528 8880
35946532 8880
35946536 5952
35946541 5952
35946544 5952
35946550 5952
35946552 5328
35946559 5328
35946560 27264
35947072 27264
35947136 27264
35947520 27264
35947648 27264
35950656 27264
35950848 27264
35951168 190880
35951176 7872
35951177 7872
35951184 7632
35951186 7632
35951192 5328
35951195 5328
35951200 8880
35951204 8880
35951208 5952
35951213 5952
35951216 5952
35951222 5952
35951224 5328
35951231 5328
35951232 27264
35952768 27264
35952896 27264
35955712 27264
35955840 27264
35956736 27264
35956864 27264
35962880 27264
35963136 27264
35964928 27264
35965184 27264
35979265 2304
35979266 2304
35979267 2304
35979268 2304
35979269 2304
35979270 5952
35979271 2304
35979272 7872
35979273 7872
35979280 7632
35979282 7632
35979288 5328
35979291 5328
35979296 8880
35979300 8880
35979304 5952
35979309 5952
35979312 5952
35979318 5952
35979320 5328
35979327 5328
35979328 25344
35979840 25344
35979904 25344
35980288 25344
35980416 25344
35983424 25344
35983616 25344
35983936 25344
35984000 168800
35984008 7872
35984009 7872
35984016 7632
35984018 7632
35984024 5328
35984027 5328
35984032 8880
35984036 8880
35984040 5952
35984045 5952
35984048 5952
35984054 5952
35984056 5328
35984063 5328
35985536 25344
35985664 25344
35988480 25344
35988608 25344
35989504 25344
35989632 25344
35995648 25344
35995904 25344
35997696 25344
35997952 25344
36012032 26304
36012096 14784
36012672 11520
36016192 11520
36016768 14784
36016832 26304
36077568 13344
36078144 13344
36081920 13344
36082496 13344
36110336 12864
36110976 12864
36114688 12864
36115328 12864
36208640 14784
36209664 14784
36212800 14784
36213824 14784
36241536 216
36242048 56
36242560 272
36245632 216
36246144 56
36246656 272
36274176 14784
36275328 14784
36278336 14784
36279488 14784
36306944 16128
36307968 16128
36311296 16128
36312320 16128
36372480 16128
36373632 16128
36376832 16128
36377984 16128
36438016 14784
36439168 14784
36442752 14784
36443648 14784
36470784 15264
36471808 15264
36475456 15264
36476480 15264
36503552 14784
36504576 14784
36508288 14784
36509312 14784
36536320 15264
36537472 15264
36540992 15264
36542144 15264
36765697 2304
36765698 2304
36765699 2304
36765700 2304
36765701 2304
36765702 5952
36765703 2304
36765704 7872
36765705 7872
36765712 7632
36765714 7632
36765720 5328
36765723 5328
36765728 8880
36765732 8880
36765736 5952
36765741 5952
36765744 5952
36765750 5952
36765752 5328
36765759 5328
36765760 25344
36766272 25344
36766336 25344
36766720 25344
36766848 25344
36769856 25344
36770048 25344
36770368 25344
36770432 25344
36771968 208384
36771976 7872
36771977 7872
36771984 7632
36771986 7632
36771992 5328
36771995 5328
36772000 8880
36772004 8880
36772008 5952
36772013 5952
36772016 5952
36772022 5952
36772024 5328
36772031 5328
36772096 25344
36774912 25344
36775040 25344
36775936 25344
36776064 25344
36782080 25344
36782336 25344
36784128 25344
36784384 25344
36798464 14784
36798528 14784
36804736 14784
36804800 14784
36831233 2304
36831234 2304
36831235 2304
36831236 2304
36831237 2304
36831238 5952
36831239 2304
36831240 7872
36831241 7872
36831248 7632
36831250 7632
36831256 5328
36831259 5328
36831264 8880
36831268 8880
36831272 5952
36831277 5952
36831280 5952
36831286 5952
36831288 5328
36831295 5328
36831296 26880
36831808 26880
36831872 26880
36832256 26880
36832384 26880
36835392 26880
36835584 26880
36835904 26880
36835968 26880
36837504 28224
36837632 217792
36837640 7872
36837641 7872
36837648 7632
36837650 7632
36837656 5328
36837659 5328
36837664 8880
36837668 8880
36837672 5952
36837677 5952
36837680 5952
36837686 5952
36837688 5328
36837695 5328
36840448 26880
36840576 26880
36841472 26880
36841600 26880
36847616 26880
36847872 26880
36849664 26880
36849920 26880
36864000 15168
36864064 15168
36870400 15168
36870464 15168
36962304 11520
36962944 11520
36968576 11520
36968960 11520
37060608 12000
37061184 12000
37066880 12000
37067456 12000
37126144 12384
37126720 12384
37132544 12384
37133120 12384
37158912 11904
37159552 11904
37165312 11904
37165952 11904
37224448 14784
37225600 14784
37230720 14784
37231616 14784
37289984 14784
37291008 14784
37296256 14784
37297280 14784
37355520 15168
37356544 15168
37361920 15168
37362944 15168
37421056 15168
37422208 15168
37427456 15168
37428608 15168
37748736 30048
37749760 15264
37749888 14784
37756928 30048
37757952 15264
37758080 14784
37814272 29568
37815296 14784
37815424 14784
37822592 29568
37823488 14784
37823616 14784
38273025 2304
38273026 2304
38273027 2304
38273028 2304
38273029 2304
38273030 5952
38273031 2304
38273032 7872
38273033 7872
38273040 7632
38273042 7632
38273048 5328
38273051 5328
38273056 8880
38273060 8880
38273064 5952
38273069 5952
38273072 5952
38273078 5952
38273080 5328
38273087 5328
38273088 25344
38273600 25344
38273664 25344
38274048 25344
38274176 25344
38277184 25344
38277376 25344
38277696 25344
38277760 25344
38279296 25344
38279424 25344
38282240 167328
38282248 7872
38282249 7872
38282256 7632
38282258 7632
38282264 5328
38282267 5328
38282272 8880
38282276 8880
38282280 5952
38282285 5952
38282288 5952
38282294 5952
38282296 5328
38282303 5328
38282368 25344
38283264 25344
38283392 25344
38289408 25344
38289664 25344
38291456 25344
38291712 25344
38305792 14784
38305856 14784
38315008 14784
38315072 14784
38338561 2304
38338562 2304
38338563 2304
38338564 2304
38338565 2304
38338566 5952
38338567 2304
38338568 7872
38338569 7872
38338576 7632
38338578 7632
38338584 5328
38338587 5328
38338592 8880
38338596 8880
38338600 5952
38338605 5952
38338608 5952
38338614 5952
38338616 5328
38338623 5328
38338624 25344
38339136 25344
38339200 25344
38339584 25344
38339712 25344
38342720 25344
38342912 25344
38343232 25344
38343296 25344
38344832 25344
38344960 25344
38347776 25344
38347904 202400
38347912 7872
38347913 7872
38347920 7632
38347922 7632
38347928 5328
38347931 5328
38347936 8880
38347940 8880
38347944 5952
38347949 5952
38347952 5952
38347958 5952
38347960 5328
38347967 5328
38348800 25344
38348928 25344
38354944 25344
38355200 25344
38356992 25344
38357248 25344
38371328 14784
38371392 14784
38380672 14784
38380736 14784
38535168 11520
38535808 11520
38544512 11520
38544896 11520
38567936 12000
38568512 12000
38577152 12000
38577728 12000
38600704 11520
38601344 11520
38609920 11520
38610560 11520
38633472 12000
38634048 12000
38642816 12000
38643392 12000
38797313 2304
38797314 2304
38797315 2304
38797316 2304
38797317 2304
38797318 5952
38797319 2304
38797320 7872
38797321 7872
38797328 7632
38797330 7632
38797336 5328
38797339 5328
38797344 8880
38797348 8880
38797352 5952
38797357 5952
38797360 5952
38797366 5952
38797368 5328
38797375 5328
38797376 27264
38797888 27264
38797952 27264
38798336 27264
38798464 27264
38801472 27264
38801664 27264
38801984 27264
38802048 27264
38803584 27264
38803712 27264
38806528 27264
38806656 27264
38807552 222848
38807560 7872
38807561 7872
38807568 7632
38807570 7632
38807576 5328
38807579 5328
38807584 8880
38807588 8880
38807592 5952
38807597 5952
38807600 5952
38807606 5952
38807608 5328
38807615 5328
38807680 27264
38813696 27264
38813952 27264
38815744 27264
38816000 27264
38830080 15264
38830144 15264
38840320 15264
38840384 15264
38862849 2304
38862850 2304
38862851 2304
38862852 2304
38862853 2304
38862854 5952
38862855 2304
38862856 7872
38862857 7872
38862864 7632
38862866 7632
38862872 5328
38862875 5328
38862880 8880
38862884 8880
38862888 5952
38862893 5952
38862896 5952
38862902 5952
38862904 5328
38862911 5328
38862912 26880
38863424 26880
38863488 26880
38863872 26880
38864000 26880
38867008 26880
38867200 26880
38867520 26880
38867584 26880
38869120 26880
38869248 26880
38872064 26880
38872192 28224
38873088 26880
38873216 185664
38873224 7872
38873225 7872
38873232 7632
38873234 7632
38873240 5328
38873243 5328
38873248 8880
38873252 8880
38873256 5952
38873261 5952
38873264 5952
38873270 5952
38873272 5328
38873279 5328
38879232 26880
38879488 26880
38881280 26880
38881536 26880
38895616 15168
38895680 15168
38905984 15168
38906048 15168
39059456 11904
39060096 11904
39069824 11904
39070208 11904
39092224 12480
39092800 12480
39102464 12480
39103040 12480
39124992 12000
39125632 12000
39135232 12000
39135872 12000
39157760 12384
39158336 12384
39168128 12384
39168704 12384
39321600 30450
39321728 18
39322624 15282
39322752 15186
39323648 18
39323776 18
39324672 18
39324800 18
39329792 18
39329920 18
39330816 18
39330944 18
39331840 15282
39331968 15186
39332864 30450
39332992 18
39387136 30432
39388160 15168
39388288 15264
39397376 15264
39397504 15168
39398528 30432
39845888 11904
39852160 11904
39856256 11904
39858176 11904
39911424 12000
39917696 12000
39921664 12000
39923840 12000
39976960 12384
39983360 12384
39987200 12384
39989504 12384
40042496 12288
40048896 12288
40052864 12288
40055168 12288
40402944 11520
40407104 11520
40412160 11520
40416320 11520
40468480 11520
40472640 11520
40477824 11520
40481984 11520
40501248 12864
40505600 12864
40510464 12864
40514816 12864
40566784 12864
40571136 12864
40576128 12864
40580480 12864
40632320 11520
40637056 11520
40641664 11520
40646144 11520
40665088 12000
40669760 12000
40674304 12000
40678976 12000
40697856 11520
40702592 11520
40707072 11520
40711808 11520
40730624 12000
40735296 12000
40739968 12000
40744640 12000
40927232 12000
40931392 12000
40937472 12000
40941632 12000
40992768 11904
40996928 11904
41003136 11904
41007296 11904
41025536 13344
41029888 13344
41035776 13344
41040128 13344
41091072 13248
41095424 13248
41101440 13248
41105792 13248
41156608 11904
41161344 11904
41166976 11904
41171456 11904
41189376 12480
41194048 12480
41199616 12480
41204288 12480
41222144 12000
41226880 12000
41232384 12000
41237120 12000
41254912 12384
41259584 12384
41265280 12384
41269952 12384
41418752 11520
41425024 11520
41428096 11520
41434112 11520
41484288 11520
41490560 11520
41493504 11520
41499776 11520
41549824 11904
41556224 11904
41559040 11904
41565440 11904
41615360 11904
41621760 11904
41624704 11904
41631104 11904
41943041 2304
41943042 2304
41943043 2304
41943044 2304
41943045 2304
41943046 5952
41943047 2304
41943048 7872
41943049 7872
41943056 7632
41943058 7632
41943064 5328
41943067 5328
41943072 8880
41943076 8880
41943080 5952
41943085 5952
41943088 5952
41943094 5952
41943096 5328
41943103 5328
41943104 38400
41943616 38400
41943680 38400
41944064 38400
41944192 38400
41947200 38400
41947392 38400
41947712 38400
41947776 38400
41949312 38400
41949440 38400
41952256 38400
41952384 38400
41953280 38400
41953408 38400
41959424 246976
41959432 7872
41959433 7872
41959440 7632
41959442 7632
41959448 5328
41959451 5328
41959456 8880
41959460 8880
41959464 5952
41959469 5952
41959472 5952
41959478 5952
41959480 5328
41959487 5328
41959680 39744
41961472 38400
41961728 38400
41975808 18048
41975872 18048
41992192 18048
41992256 18048
42074113 2304
42074114 2304
42074115 2304
42074116 2304
42074117 2304
42074118 5952
42074119 2304
42074120 7872
42074121 7872
42074128 7632
42074130 7632
42074136 5328
42074139 5328
42074144 8880
42074148 8880
42074152 5952
42074157 5952
42074160 5952
42074166 5952
42074168 5328
42074175 5328
42074176 27264
42074688 27264
42074752 27264
42075136 27264
42075264 27264
42078272 27264
42078464 27264
42078784 27264
42078848 27264
42080384 27264
42080512 27264
42083328 27264
42083456 27264
42084352 27264
42084480 27264
42090496 27264
42090752 222848
42090760 7872
42090761 7872
42090768 7632
42090770 7632
42090776 5328
42090779 5328
42090784 8880
42090788 8880
42090792 5952
42090797 5952
42090800 5952
42090806 5952
42090808 5328
42090815 5328
42092544 27264
42092800 27264
42106880 15264
42106944 15264
42123520 15264
42123584 15264
42237952 15264
42238528 15264
42254336 15264
42254912 15264
42270720 14784
42271360 14784
42287104 14784
42287744 14784
42369024 12480
42369600 12480
42385664 12480
42386240 12480
42401792 12000
42402432 12000
42418432 12000
42419072 12000
42467328 18048
42468352 18048
42483712 18048
42484736 18048
42532864 18048
42534016 18048
42549248 18048
42550400 18048
42598400 15264
42599424 15264
42615040 15264
42616064 15264
42663936 15264
42665088 15264
42680576 15264
42681728 15264
42991617 2304
42991618 2304
42991619 2304
42991620 2304
42991621 2304
42991622 5952
42991623 2304
42991624 7872
42991625 7872
42991632 7632
42991634 7632
42991640 5328
42991643 5328
42991648 8880
42991652 8880
42991656 5952
42991661 5952
42991664 5952
42991670 5952
42991672 5328
42991679 5328
42991680 38400
42992192 38400
42992256 38400
42992640 38400
42992768 38400
42995776 38400
42995968 38400
42996288 38400
42996352 38400
42997888 38400
42998016 38400
43000832 38400
43000960 38400
43001856 39744
43001984 38400
43008000 38456
43008256 38456
43010048 213432
43010056 7872
43010057 7872
43010064 7632
43010066 7632
43010072 5328
43010075 5328
43010080 8880
43010084 8880
43010088 5952
43010093 5952
43010096 5952
43010102 5952
43010104 5328
43010111 5328
43010304 38456
43024384 18048
43024448 18048
43042816 18048
43042880 18048
43122689 2304
43122690 2304
43122691 2304
43122692 2304
43122693 2304
43122694 5952
43122695 2304
43122696 7872
43122697 7872
43122704 7632
43122706 7632
43122712 5328
43122715 5328
43122720 8880
43122724 8880
43122728 5952
43122733 5952
43122736 5952
43122742 5952
43122744 5328
43122751 5328
43122752 27264
43123264 27264
43123328 27264
43123712 27264
43123840 27264
43126848 27264
43127040 27264
43127360 27264
43127424 27264
43128960 27264
43129088 27264
43131904 27264
43132032 27264
43132928 27264
43133056 27264
43139072 27264
43139328 27264
43141120 27264
43141376 190880
43141384 7872
43141385 7872
43141392 7632
43141394 7632
43141400 5328
43141403 5328
43141408 8880
43141412 8880
43141416 5952
43141421 5952
43141424 5952
43141430 5952
43141432 5328
43141439 5328
43155456 15264
43155520 15264
43174144 15264
43174208 15264
43286528 15264
43287104 15264
43304960 15264
43305536 15264
43319296 14784
43319936 14784
43337728 14784
43338368 14784
43417600 12480
43418176 12480
43436288 12480
43436864 12480
43450368 12000
43451008 12000
43469056 12000
43469696 12000
43515904 18064
43516032 16
43516928 18064
43517056 16
43517952 16
43518080 16
43518976 16
43519104 16
43532288 16
43532416 16
43533312 16
43533440 16
43534336 18064
43534464 16
43535360 18064
43535488 16
43581440 18048
43582592 18048
43599872 18048
43601024 18048
43646976 15264
43648000 15264
43665664 15264
43666688 15264
43712512 15266
43712640 2
43712768 2
43712896 2
43713536 2
43713664 15266
43713792 2
43713920 2
43714560 2
43714688 2
43714816 2
43714944 2
43715584 2
43715712 2
43715840 2
43715968 2
43716608 2
43716736 2
43716864 2
43716992 2
43717632 2
43717760 2
43717888 2
43718016 2
43718656 2
43718784 2
43718912 2
43719040 2
43719680 2
43719808 2
43719936 2
43720064 2
43728896 2
43729024 2
43729152 2
43729280 2
43729920 2
43730048 2
43730176 2
43730304 2
43730944 2
43731072 2
43731200 15266
43731328 2
43731968 2
43732096 2
43732224 2
43732352 15266
43732992 2
43733120 2
43733248 2
43733376 2
43734016 2
43734144 2
43734272 2
43734400 2
43735040 2
43735168 2
43735296 2
43735424 2
43736064 2
43736192 2
43736320 2
43736448 2
44040192 25728
44044544 13344
44046592 12384
44056832 13344
44058880 12384
44060672 25728
44072960 14784
44077120 14784
44089344 14784
44093504 14784
44105728 14784
44112000 14784
44124160 14784
44126336 14784
44171264 31296
44175616 16128
44177664 15168
44187648 16128
44189696 15168
44192000 31296
44204032 12000
44208192 12000
44220672 12000
44224832 12000
44236800 12000
44243072 12000
44255488 12000
44257664 12000
44335104 15264
44339776 15264
44351488 15264
44356160 15264
44367872 14784
44372608 14784
44384256 14784
44388992 14784
44466176 12480
44470848 12480
44482816 12480
44487488 12480
44498944 12000
44503680 12000
44515584 12000
44520320 12000
44631040 14
44631168 14
44632064 14
44632192 14
44635136 14
44635264 14
44636160 14
44636288 14
44647424 14
44647552 14
44648448 14
44648576 14
44651520 14
44651648 14
44652544 14
44652672 14
45088768 25728
45093120 13344
45095168 12384
45105408 12384
45107456 13344
45111296 25728
45121536 14784
45125696 14784
45139968 14784
45144128 14784
45154304 14784
45160576 14784
45170688 14784
45176960 14784
45219840 31296
45224192 16128
45226240 15168
45236224 15168
45238272 16128
45242624 31296
45252608 12000
45256768 12000
45271296 12000
45275456 12000
45285376 12000
45291648 12000
45302016 12000
45308288 12000
45383680 15264
45388352 15264
45402112 15264
45406784 15264
45416448 14784
45421184 14784
45434880 14784
45439616 14784
45514752 12480
45519424 12480
45533440 12480
45538112 12480
45547520 12000
45552256 12000
45566208 12000
45570944 12000
46137344 15784
46147584 15784
46155776 15784
46161920 15784
46202880 15168
46213248 15168
46221312 15168
46227584 15168
46268416 12480
46278656 12480
46287104 12480
46293248 12480
46333952 12384
46344320 12384
46352640 12384
46358912 12384
46661632 14784
46670848 14784
46678016 14784
46687232 14784
46727168 14784
46736512 14784
46743552 14784
46752896 14784
46792704 12000
46801920 12000
46809344 12000
46818560 12000
46858240 12000
46867584 12000
46874880 12000
46884224 12000
47185920 15264
47196160 15264
47202304 15264
47212544 15264
47251456 15168
47261824 15168
47267840 15168
47278208 15168
47316992 12480
47327232 12480
47333632 12480
47343872 12480
47382528 12384
47392896 12384
47399168 12384
47409536 12384
47710208 14784
47719424 14784
47728640 14784
47737856 14784
47775744 14784
47785088 14784
47794176 14784
47803520 14784
47841280 12000
47850496 12000
47859968 12000
47869184 12000
47906816 12000
47916160 12000
47925504 12000
47934848 12000
50331648 384592
50331712 225152
50331713 2304
50331714 2304
50331715 2304
50331716 2304
50331717 2304
50331718 5952
50331719 2304
50331721 31488
50331730 30528
50331739 21312
50331748 35520
50331757 23808
50331766 23808
50331775 21312
50331776 13824
50331840 9216
50331904 9216
50331968 4608
50332032 4608
50332160 9216
50332224 183296
50332225 2304
50332226 2304
50332227 2304
50332228 2304
50332229 2304
50332230 5952
50332231 2304
50332233 31488
50332242 30528
50332251 21312
50332260 35520
50332269 23808
50332278 23808
50332287 21312
50332288 191936
50332289 2304
50332290 2304
50332291 2304
50332292 2304
50332293 2304
50332294 5952
50332295 2304
50332297 31488
50332306 30528
50332315 21312
50332324 35520
50332333 23808
50332342 23808
50332351 21312
50332352 9216
50332480 4608
50332544 4608
50332672 211712
50332673 2304
50332674 2304
50332675 2304
50332676 2304
50332677 2304
50332678 5952
50332679 2304
50332681 31488
50332690 30528
50332699 21312
50332708 35520
50332717 23808
50332726 23808
50332735 21312
50332736 4608
50332800 184512
50332801 2304
50332802 2304
50332803 2304
50332804 2304
50332805 2304
50332806 5952
50332807 2304
50332809 31488
50332818 30528
50332827 21312
50332836 35520
50332845 23808
50332854 23808
50332863 21312
50332864 4608
50333184 4608
50333248 4608
50333312 4608
50333376 4608
50333696 13824
50333888 4608
50333952 9216
50334016 4608
50334080 4608
50334208 4608
50334400 4608
50334528 4608
50334592 4608
50334720 9216
50334848 9216
50335744 13824
50335808 209408
50335809 2304
50335810 2304
50335811 2304
50335812 2304
50335813 2304
50335814 5952
50335815 2304
50335817 31488
50335826 30528
50335835 21312
50335844 35520
50335853 23808
50335862 23808
50335871 21312
50335936 9216
50336000 236288
50336001 2304
50336002 2304
50336003 2304
50336004 2304
50336005 2304
50336006 5952
50336007 2304
50336009 31488
50336018 30528
50336027 21312
50336036 35520
50336045 23808
50336054 23808
50336063 21312
50336064 4608
50336256 9216
50336320 185440
50336321 2304
50336322 2304
50336323 2304
50336324 2304
50336325 2304
50336326 5952
50336327 2304
50336329 31488
50336338 30528
50336347 21312
50336356 35520
50336365 23808
50336374 23808
50336383 21312
50336384 166080
50336385 2304
50336386 2304
50336387 2304
50336388 2304
50336389 2304
50336390 5952
50336391 2304
50336393 31488
50336402 30528
50336411 21312
50336420 35520
50336429 23808
50336438 23808
50336447 21312
50336448 9216
50336576 4608
50336640 4608
50336832 4608
50336960 4608
50337024 4608
50337152 4608
50337280 4608
50337344 4608
50337408 4608
50337472 4608
50337920 198656
50337921 2304
50337922 2304
50337923 2304
50337924 2304
50337925 2304
50337926 5952
50337927 2304
50337929 31488
50337938 30528
50337947 21312
50337956 35520
50337965 23808
50337974 23808
50337983 21312
50337984 4608
50338048 222304
50338049 2304
50338050 2304
50338051 2304
50338052 2304
50338053 2304
50338054 5952
50338055 2304
50338057 31488
50338066 30528
50338075 21312
50338084 35520
50338093 23808
50338102 23808
50338111 21312
50338112 4608
50338304 4608
50338496 4608
50338624 4608
50338688 4608
50338816 4608
50338944 4608
50339072 4608
50339200 4608
50339840 9216
50339968 9216
50340864 163936
50340865 2304
50340866 2304
50340867 2304
50340868 2304
50340869 2304
50340870 5952
50340871 2304
50340873 31488
50340882 30528
50340891 21312
50340900 35520
50340909 23808
50340918 23808
50340927 21312
50340928 4608
50340992 193280
50340993 2304
50340994 2304
50340995 2304
50340996 2304
50340997 2304
50340998 5952
50340999 2304
50341001 31488
50341010 30528
50341019 21312
50341028 35520
50341037 23808
50341046 23808
50341055 21312
50341056 4608
50341376 4608
50341440 4608
50341504 4608
50341568 4608
50341888 207296
50341889 2304
50341890 2304
50341891 2304
50341892 2304
50341893 2304
50341894 5952
50341895 2304
50341897 31488
50341906 30528
50341915 21312
50341924 35520
50341933 23808
50341942 23808
50341951 21312
50341952 4608
50342016 179424
50342017 2304
50342018 2304
50342019 2304
50342020 2304
50342021 2304
50342022 5952
50342023 2304
50342025 31488
50342034 30528
50342043 21312
50342052 35520
50342061 23808
50342070 23808
50342079 21312
50342080 4608
50342400 4608
50342464 4608
50342528 4608
50342592 4608
50342912 9216
50343040 9216
50343936 4608
50344064 4608
50344192 4608
50344320 4608
50345024 4608
50345152 4608
50345216 4608
50345344 4608
50345472 4608
50345536 4608
50345600 4608
50345664 4608
50346048 4608
50346176 4608
50346240 4608
50346368 4608
50346496 4608
50346560 4608
50346624 4608
50346688 4608
50347008 4608
50347136 4608
50347264 4608
50347392 4608
50348032 225152
50348033 2304
50348034 2304
50348035 2304
50348036 2304
50348037 2304
50348038 5952
50348039 2304
50348041 31488
50348050 30528
50348059 21312
50348068 35520
50348077 23808
50348086 23808
50348095 21312
50348096 4608
50348288 207296
50348289 2304
50348290 2304
50348291 2304
50348292 2304
50348293 2304
50348294 5952
50348295 2304
50348297 31488
50348306 30528
50348315 21312
50348324 35520
50348333 23808
50348342 23808
50348351 21312
50348352 4608
50348608 4608
50348672 4608
50348864 4608
50348928 4608
50349056 4608
50349184 4608
50349312 4608
50349440 4608
50350080 201952
50350081 2304
50350082 2304
50350083 2304
50350084 2304
50350085 2304
50350086 5952
50350087 2304
50350089 31488
50350098 30528
50350107 21312
50350116 35520
50350125 23808
50350134 23808
50350143 21312
50350144 4608
50350336 185440
50350337 2304
50350338 2304
50350339 2304
50350340 2304
50350341 2304
50350342 5952
50350343 2304
50350345 31488
50350354 30528
50350363 21312
50350372 35520
50350381 23808
50350390 23808
50350399 21312
50350400 4608
50350656 4608
50350720 4608
50350912 4608
50350976 4608
50351104 4608
50351232 4608
50351360 4608
50351488 4608
50352128 9216
50352192 4608
50352256 4608
50352384 9216
50352448 4608
50352512 4608
50352704 4608
50352768 4608
50352960 4608
50353024 4608
50354176 9216
50354240 4608
50354304 4608
50354432 9216
50354496 4608
50354560 4608
50354752 4608
50354816 4608
50355008 4608
50355072 4608
50356224 4608
50356352 4608
50356480 4608
50356608 4608
50357248 4608
50357376 4608
50357504 4608
50357632 4608
50358272 4608
50358400 4608
50358528 4608
50358656 4608
50359296 4608
50359424 4608
50359552 4608
50359680 4608
50364416 246176
50364424 7872
50364425 7872
50364432 7632
50364434 7632
50364440 5328
50364443 5328
50364448 8880
50364452 8880
50364456 5952
50364461 5952
50364464 5952
50364470 5952
50364472 5328
50364479 5328
50364481 2304
50364482 2304
50364483 2304
50364484 2304
50364485 2304
50364486 5952
50364487 2304
50364488 7872
50364489 7872
50364496 7632
50364498 7632
50364504 5328
50364507 5328
50364512 8880
50364516 8880
50364520 5952
50364525 5952
50364528 5952
50364534 5952
50364536 5328
50364543 5328
50364928 40544
50365120 38400
50365504 38400
50365632 38400
50368512 38400
50368832 38400
50369024 38400
50369216 38400
50370752 38400
50370880 38400
50373696 38400
50373824 38400
50374720 38400
50374848 38400
50380864 38400
50381120 38400
50382912 38400
50383168 38400
50397184 41952
50397312 41952
50398208 18048
50398336 18048
50406400 11520
50406528 11520
50407424 12384
50407552 12384
50429952 24000
50430144 24000
50430528 12000
50430592 12000
50434624 12000
50434688 12000
50462720 31048
50462976 31048
50479104 15784
50479360 15784
50481152 15264
50481408 15264
50495488 13256
50495808 13256
50499648 13256
50499840 13256
50528256 12304
50528640 12304
50534528 12304
50534656 12304
50593792 27784
50593856 15784
50594304 27784
50594368 15784
50597952 12000
50598464 12000
50626560 189248
50626568 7872
50626569 7872
50626576 7632
50626578 7632
50626584 5328
50626587 5328
50626592 8880
50626596 8880
50626600 5952
50626605 5952
50626608 5952
50626614 5952
50626616 5328
50626623 5328
50626752 27264
50627072 27264
50627137 2304
50627138 2304
50627139 2304
50627140 2304
50627141 2304
50627142 5952
50627143 2304
50627144 7872
50627145 7872
50627152 7632
50627154 7632
50627160 5328
50627163 5328
50627168 8880
50627172 8880
50627176 5952
50627181 5952
50627184 5952
50627190 5952
50627192 5328
50627199 5328
50628160 27264
50628288 27264
50630656 27264
50630848 27264
50631168 27264
50631488 27264
50633408 27264
50633536 27264
50636352 27264
50636480 27264
50637376 27264
50637504 27264
50643520 27264
50643776 27264
50645568 27264
50645824 27264
50659328 200928
50659336 7872
50659337 7872
50659344 7632
50659346 7632
50659352 5328
50659355 5328
50659360 8880
50659364 8880
50659368 5952
50659373 5952
50659376 5952
50659382 5952
50659384 5328
50659391 5328
50659520 25344
50659969 2304
50659970 2304
50659971 2304
50659972 2304
50659973 2304
50659974 5952
50659975 2304
50659976 7872
50659977 7872
50659984 7632
50659986 7632
50659992 5328
50659995 5328
50660000 8880
50660004 8880
50660008 5952
50660013 5952
50660016 5952
50660022 5952
50660024 5328
50660031 5328
50660032 25344
50660864 25344
50660992 25344
50663424 25344
50663616 25344
50664128 25344
50664320 25344
50665984 25344
50666368 25344
50669056 25344
50669184 25344
50670080 25344
50670208 25344
50676352 25344
50676608 25344
50678400 25344
50678656 25344
50692096 26304
50692160 14784
50692736 14784
50692800 26304
50696256 11520
50696832 11520
50757632 13344
50758464 13344
50761984 13344
50762304 13344
50790400 12864
50791296 12864
50794752 12864
50795136 12864
50855936 225216
50855944 7872
50855945 7872
50855952 7632
50855954 7632
50855960 5328
50855963 5328
50855968 8880
50855972 8880
50855976 5952
50855981 5952
50855984 5952
50855990 5952
50855992 5328
50855999 5328
50856064 38400
50856961 2304
50856962 2304
50856963 2304
50856964 2304
50856965 2304
50856966 5952
50856967 2304
50856968 7872
50856969 7872
50856976 7632
50856978 7632
50856984 5328
50856987 5328
50856992 8880
50856996 8880
50857000 5952
50857005 5952
50857008 5952
50857014 5952
50857016 5328
50857023 5328
50857024 38400
50857536 38400
50857600 38400
50861120 38400
50861312 38400
50861632 38400
50861696 38400
50863232 38400
50863360 38400
50864128 40544
50864256 38400
50867200 38400
50867328 38400
50873344 38400
50873600 38400
50875392 38400
50875648 38400
50888704 18048
50888768 18048
50889728 18048
50889792 18048
50921472 192472
50921480 7872
50921481 7872
50921488 7632
50921490 7632
50921496 5328
50921499 5328
50921504 8880
50921508 8880
50921512 5952
50921517 5952
50921520 5952
50921526 5952
50921528 5328
50921535 5328
50921600 38456
50922625 2304
50922626 2304
50922627 2304
50922628 2304
50922629 2304
50922630 5952
50922631 2304
50922632 7872
50922633 7872
50922640 7632
50922642 7632
50922648 5328
50922651 5328
50922656 8880
50922660 8880
50922664 5952
50922669 5952
50922672 5952
50922678 5952
50922680 5328
50922687 5328
50922688 38400
50923008 39744
50923200 38400
50926784 38400
50926976 38400
50927104 38400
50927296 38400
50928640 38400
50929024 38400
50929664 38456
50929792 38456
50932736 38400
50932864 38400
50939008 38400
50939264 38400
50941056 38400
50941312 38400
50954240 18060
50954304 18060
50954368 12
50954432 12
50955264 12
50955328 12
50955392 18060
50955456 18060
50958336 12
50958400 12
50958464 12
50958528 12
50959360 12
50959424 12
50959488 12
50959552 12
51052544 32
51052672 32
51052800 32
51052928 32
51053568 32
51053696 32
51053824 32
51053952 32
51056640 32
51056768 32
51056896 32
51057024 32
51057664 32
51057792 32
51057920 32
51058048 32
51118080 15264
51118720 15264
51119232 15264
51119616 15264
51150848 15264
51151424 15264
51151872 15264
51152448 15264
51183616 14784
51184256 14784
51184640 14784
51185280 14784
51216384 15264
51216960 15264
51217536 15264
51218112 15264
51380224 43776
51382272 43776
51384576 13248
51386624 13248
51396608 18048
51396864 12480
51398656 18048
51398912 12480
51478528 11520
51480768 11520
51482688 11520
51484800 11520
51511296 30528
51513600 30528
51527680 15264
51527936 15264
51529728 15264
51529984 15264
51544064 11904
51546432 11904
51548224 11904
51550464 11904
51576832 12864
51579264 12864
51581184 12864
51583104 12864
51642368 11520
51644928 11520
51647104 11520
51648640 11520
51740672 12000
51743424 12000
51745344 12000
51746944 12000
51806208 12384
51809088 12384
51810880 12384
51812608 12384
51838976 11904
51841920 11904
51843712 11904
51845376 11904
51904512 24296
51907584 24296
51913728 12000
51913856 12296
51914752 12000
51914880 12296
51970048 23904
51973248 23904
51979264 11904
51979392 12000
51980288 12000
51980416 11904
52428800 38784
52428864 14784
52429376 12480
52429440 11520
52432896 38784
52432960 14784
52433472 12480
52433536 11520
52461568 221080
52461576 7872
52461577 7872
52461584 7632
52461586 7632
52461592 5328
52461595 5328
52461600 8880
52461604 8880
52461608 5952
52461613 5952
52461616 5952
52461622 5952
52461624 5328
52461631 5328
52461888 25344
52462080 25400
52462272 25344
52463808 25344
52463936 25344
52465664 25400
52465729 2304
52465730 2304
52465731 2304
52465732 2304
52465733 2304
52465734 5952
52465735 2304
52465736 7872
52465737 7872
52465744 7632
52465746 7632
52465752 5328
52465755 5328
52465760 8880
52465764 8880
52465768 5952
52465773 5952
52465776 5952
52465782 5952
52465784 5328
52465791 5328
52466176 25400
52466368 25344
52466752 25344
52466880 25344
52474944 25344
52475072 25344
52475968 25344
52476096 25344
52482112 25344
52482368 25344
52484160 25344
52484416 25344
52527104 24000
52527680 12000
52527744 12000
52531392 24000
52531776 12000
52531840 12000
52559872 269888
52559880 7872
52559881 7872
52559888 7632
52559890 7632
52559896 5328
52559899 5328
52559904 8880
52559908 8880
52559912 5952
52559917 5952
52559920 5952
52559926 5952
52559928 5328
52559935 5328
52560192 32064
52560704 30720
52560768 30720
52561920 30720
52562304 30720
52564225 2304
52564226 2304
52564227 2304
52564228 2304
52564229 2304
52564230 5952
52564231 2304
52564232 7872
52564233 7872
52564240 7632
52564242 7632
52564248 5328
52564251 5328
52564256 8880
52564260 8880
52564264 5952
52564269 5952
52564272 5952
52564278 5952
52564280 5328
52564287 5328
52564288 30720
52564800 30720
52564864 30720
52565248 30720
52565376 30720
52573440 30720
52573568 30720
52574464 30720
52574592 30720
52580352 30720
52580608 30720
52582400 30720
52582656 30720
52592640 16128
52592704 16128
52596992 16128
52597056 16128
52690944 27264
52691008 15264
52691520 12000
52695104 12000
52695552 27264
52695616 15264
52723712 190880
52723720 7872
52723721 7872
52723728 7632
52723730 7632
52723736 5328
52723739 5328
52723744 8880
52723748 8880
52723752 5952
52723757 5952
52723760 5952
52723766 5952
52723768 5328
52723775 5328
52723904 27264
52724224 27264
52724544 27264
52726464 27264
52726592 27264
52727808 27264
52728000 27264
52728320 27264
52728385 2304
52728386 2304
52728387 2304
52728388 2304
52728389 2304
52728390 5952
52728391 2304
52728392 7872
52728393 7872
52728400 7632
52728402 7632
52728408 5328
52728411 5328
52728416 8880
52728420 8880
52728424 5952
52728429 5952
52728432 5952
52728438 5952
52728440 5328
52728447 5328
52729408 27264
52729536 27264
52737600 27264
52737728 27264
52738624 27264
52738752 27264
52744768 27264
52745024 27264
52746816 27264
52747072 27264
52756480 168800
52756488 7872
52756489 7872
52756496 7632
52756498 7632
52756504 5328
52756507 5328
52756512 8880
52756516 8880
52756520 5952
52756525 5952
52756528 5952
52756534 5952
52756536 5328
52756543 5328
52756672 25344
52757184 25344
52757376 25344
52759040 25344
52759424 25344
52760576 25344
52760768 25344
52761217 2304
52761218 2304
52761219 2304
52761220 2304
52761221 2304
52761222 5952
52761223 2304
52761224 7872
52761225 7872
52761232 7632
52761234 7632
52761240 5328
52761243 5328
52761248 8880
52761252 8880
52761256 5952
52761261 5952
52761264 5952
52761270 5952
52761272 5328
52761279 5328
52761280 25344
52762112 25344
52762240 25344
52770304 25344
52770432 25344
52771328 25344
52771456 25344
52777600 25344
52777856 25344
52779648 25344
52779904 25344
52789248 26304
52789312 14784
52789888 11520
52793408 11520
52793984 14784
52794048 26304
52854784 13344
52855360 13344
52859136 13344
52859712 13344
52887552 12864
52888192 12864
52891904 12864
52892544 12864
52985856 14784
52986880 14784
52990016 14784
52991040 14784
53018624 272
53019648 216
53020160 56
53022720 272
53023744 216
53024256 56
53051392 14784
53052544 14784
53055552 14784
53056704 14784
53084160 16128
53085184 16128
53088512 16128
53089536 16128
53149696 16128
53150848 16128
53154048 16128
53155200 16128
53215232 14784
53216384 14784
53219968 14784
53220864 14784
53248000 15264
53249024 15264
53252672 15264
53253696 15264
53280768 14784
53281792 14784
53285504 14784
53286528 14784
53313536 15264
53314688 15264
53318208 15264
53319360 15264
53542912 208384
53542920 7872
53542921 7872
53542928 7632
53542930 7632
53542936 5328
53542939 5328
53542944 8880
53542948 8880
53542952 5952
53542957 5952
53542960 5952
53542966 5952
53542968 5328
53542975 5328
53543296 25344
53545152 25344
53545344 25344
53545472 25344
53545664 25344
53549185 2304
53549186 2304
53549187 2304
53549188 2304
53549189 2304
53549190 5952
53549191 2304
53549192 7872
53549193 7872
53549200 7632
53549202 7632
53549208 5328
53549211 5328
53549216 8880
53549220 8880
53549224 5952
53549229 5952
53549232 5952
53549238 5952
53549240 5328
53549247 5328
53549248 25344
53549568 25344
53549760 25344
53550080 25344
53550208 25344
53555200 25344
53555328 25344
53558272 25344
53558400 25344
53563520 25344
53563776 25344
53565568 25344
53565824 25344
53575680 14784
53575744 14784
53581952 14784
53582016 14784
53608448 217792
53608456 7872
53608457 7872
53608464 7632
53608466 7632
53608472 5328
53608475 5328
53608480 8880
53608484 8880
53608488 5952
53608493 5952
53608496 5952
53608502 5952
53608504 5328
53608511 5328
53608832 28224
53610496 26880
53610816 26880
53611328 26880
53611392 26880
53614849 2304
53614850 2304
53614851 2304
53614852 2304
53614853 2304
53614854 5952
53614855 2304
53614856 7872
53614857 7872
53614864 7632
53614866 7632
53614872 5328
53614875 5328
53614880 8880
53614884 8880
53614888 5952
53614893 5952
53614896 5952
53614902 5952
53614904 5328
53614911 5328
53614912 26880
53615424 26880
53615488 26880
53615872 26880
53616000 26880
53620992 26880
53621120 26880
53624064 26880
53624192 26880
53628928 26880
53629184 26880
53630976 26880
53631232 26880
53641216 15168
53641280 15168
53647616 15168
53647680 15168
53739520 11520
53740160 11520
53745792 11520
53746176 11520
53837824 12000
53838400 12000
53844096 12000
53844672 12000
53903360 12384
53903936 12384
53909760 12384
53910336 12384
53936128 11904
53936768 11904
53942528 11904
53943168 11904
54001664 14784
54002816 14784
54007936 14784
54008832 14784
54067200 14784
54068224 14784
54073472 14784
54074496 14784
54132736 15168
54133760 15168
54139136 15168
54140160 15168
54198272 15168
54199424 15168
54204672 15168
54205824 15168
54525952 30048
54526976 15264
54527104 14784
54534144 30048
54535168 15264
54535296 14784
54591488 29568
54592512 14784
54592640 14784
54599808 29568
54600704 14784
54600832 14784
55050240 167328
55050248 7872
55050249 7872
55050256 7632
55050258 7632
55050264 5328
55050267 5328
55050272 8880
55050276 8880
55050280 5952
55050285 5952
55050288 5952
55050294 5952
55050296 5328
55050303 5328
55050368 25344
55053312 25344
55053440 25344
55058432 25344
55058560 25344
55059457 2304
55059458 2304
55059459 2304
55059460 2304
55059461 2304
55059462 5952
55059463 2304
55059464 7872
55059465 7872
55059472 7632
55059474 7632
55059480 5328
55059483 5328
55059488 8880
55059492 8880
55059496 5952
55059501 5952
55059504 5952
55059510 5952
55059512 5328
55059519 5328
55059520 25344
55060032 25344
55060096 25344
55063616 25344
55063808 25344
55064128 25344
55064192 25344
55065728 25344
55065856 25344
55075840 25344
55076096 25344
55077888 25344
55078144 25344
55083008 14784
55083072 14784
55092224 14784
55092288 14784
55115776 202400
55115784 7872
55115785 7872
55115792 7632
55115794 7632
55115800 5328
55115803 5328
55115808 8880
55115812 8880
55115816 5952
55115821 5952
55115824 5952
55115830 5952
55115832 5328
55115839 5328
55115904 25344
55118848 25344
55118976 25344
55123968 25344
55124096 25344
55125121 2304
55125122 2304
55125123 2304
55125124 2304
55125125 2304
55125126 5952
55125127 2304
55125128 7872
55125129 7872
55125136 7632
55125138 7632
55125144 5328
55125147 5328
55125152 8880
55125156 8880
55125160 5952
55125165 5952
55125168 5952
55125174 5952
55125176 5328
55125183 5328
55125184 25344
55125504 25344
55125696 25344
55129280 25344
55129472 25344
55129600 25344
55129792 25344
55131136 25344
55131520 25344
55141504 25344
55141760 25344
55143552 25344
55143808 25344
55148544 14784
55148608 14784
55157888 14784
55157952 14784
55312384 11520
55313024 11520
55321728 11520
55322112 11520
55345152 12000
55345728 12000
55354368 12000
55354944 12000
55377920 11520
55378560 11520
55387136 11520
55387776 11520
55410688 12000
55411264 12000
55420032 12000
55420608 12000
55574528 222848
55574536 7872
55574537 7872
55574544 7632
55574546 7632
55574552 5328
55574555 5328
55574560 8880
55574564 8880
55574568 5952
55574573 5952
55574576 5952
55574582 5952
55574584 5328
55574591 5328
55574656 27264
55577600 27264
55577728 27264
55584769 2304
55584770 2304
55584771 2304
55584772 2304
55584773 2304
55584774 5952
55584775 2304
55584776 7872
55584777 7872
55584784 7632
55584786 7632
55584792 5328
55584795 5328
55584800 8880
55584804 8880
55584808 5952
55584813 5952
55584816 5952
55584822 5952
55584824 5328
55584831 5328
55584832 27264
55585344 27264
55585408 27264
55585792 27264
55585920 27264
55586944 27264
55587072 27264
55588928 27264
55589120 27264
55589440 27264
55589504 27264
55599104 27264
55599360 27264
55601152 27264
55601408 27264
55607296 15264
55607360 15264
55617536 15264
55617600 15264
55640064 185664
55640072 7872
55640073 7872
55640080 7632
55640082 7632
55640088 5328
55640091 5328
55640096 8880
55640100 8880
55640104 5952
55640109 5952
55640112 5952
55640118 5952
55640120 5328
55640127 5328
55640192 26880
55643136 28224
55643264 26880
55650433 2304
55650434 2304
55650435 2304
55650436 2304
55650437 2304
55650438 5952
55650439 2304
55650440 7872
55650441 7872
55650448 7632
55650450 7632
55650456 5328
55650459 5328
55650464 8880
55650468 8880
55650472 5952
55650477 5952
55650480 5952
55650486 5952
55650488 5328
55650495 5328
55650496 26880
55650816 26880
55651008 26880
55651328 26880
55651456 26880
55652352 26880
55652736 26880
55654592 26880
55654784 26880
55654912 26880
55655104 26880
55664768 26880
55665024 26880
55666816 26880
55667072 26880
55672832 15168
55672896 15168
55683200 15168
55683264 15168
55836672 11904
55837312 11904
55847040 11904
55847424 11904
55869440 12480
55870016 12480
55879680 12480
55880256 12480
55902208 12000
55902848 12000
55912448 12000
55913088 12000
55934976 12384
55935552 12384
55945344 12384
55945920 12384
56098816 30450
56098944 18
56099840 15282
56099968 15186
56100864 18
56100992 18
56101888 18
56102016 18
56107008 18
56107136 18
56108032 18
56108160 18
56109056 15282
56109184 15186
56110080 30450
56110208 18
56164352 30432
56165376 15168
56165504 15264
56174592 15264
56174720 15168
56175744 30432
56623104 11904
56629376 11904
56633472 11904
56635392 11904
56688640 12000
56694912 12000
56698880 12000
56701056 12000
56754176 12384
56760576 12384
56764416 12384
56766720 12384
56819712 12288
56826112 12288
56830080 12288
56832384 12288
57180160 11520
57184320 11520
57189376 11520
57193536 11520
57245696 11520
57249856 11520
57255040 11520
57259200 11520
57278464 12864
57282816 12864
57287680 12864
57292032 12864
57344000 12864
57348352 12864
57353344 12864
57357696 12864
57409536 11520
57414272 11520
57418880 11520
57423360 11520
57442304 12000
57446976 12000
57451520 12000
57456192 12000
57475072 11520
57479808 11520
57484288 11520
57489024 11520
57507840 12000
57512512 12000
57517184 12000
57521856 12000
57704448 12000
57708608 12000
57714688 12000
57718848 12000
57769984 11904
57774144 11904
57780352 11904
57784512 11904
57802752 13344
57807104 13344
57812992 13344
57817344 13344
57868288 13248
57872640 13248
57878656 13248
57883008 13248
57933824 11904
57938560 11904
57944192 11904
57948672 11904
57966592 12480
57971264 12480
57976832 12480
57981504 12480
57999360 12000
58004096 12000
58009600 12000
58014336 12000
58032128 12384
58036800 12384
58042496 12384
58047168 12384
58195968 11520
58202240 11520
58205312 11520
58211328 11520
58261504 11520
58267776 11520
58270720 11520
58276992 11520
58327040 11904
58333440 11904
58336256 11904
58342656 11904
58392576 11904
58398976 11904
58401920 11904
58408320 11904
58720256 246976
58720264 7872
58720265 7872
58720272 7632
58720274 7632
58720280 5328
58720283 5328
58720288 8880
58720292 8880
58720296 5952
58720301 5952
58720304 5952
58720310 5952
58720312 5328
58720319 5328
58720512 39744
58722304 38400
58722560 38400
58736641 2304
58736642 2304
58736643 2304
58736644 2304
58736645 2304
58736646 5952
58736647 2304
58736648 7872
58736649 7872
58736656 7632
58736658 7632
58736664 5328
58736667 5328
58736672 8880
58736676 8880
58736680 5952
58736685 5952
58736688 5952
58736694 5952
58736696 5328
58736703 5328
58736704 38400
58737216 38400
58737280 38400
58737664 38400
58737792 38400
58740800 38400
58740992 38400
58741312 38400
58741376 38400
58742912 38400
58743040 38400
58745856 38400
58745984 38400
58746880 38400
58747008 38400
58753024 18048
58753088 18048
58769408 18048
58769472 18048
58851328 222848
58851336 7872
58851337 7872
58851344 7632
58851346 7632
58851352 5328
58851355 5328
58851360 8880
58851364 8880
58851368 5952
58851373 5952
58851376 5952
58851382 5952
58851384 5328
58851391 5328
58851584 27264
58853376 27264
58853632 27264
58867969 2304
58867970 2304
58867971 2304
58867972 2304
58867973 2304
58867974 5952
58867975 2304
58867976 7872
58867977 7872
58867984 7632
58867986 7632
58867992 5328
58867995 5328
58868000 8880
58868004 8880
58868008 5952
58868013 5952
58868016 5952
58868022 5952
58868024 5328
58868031 5328
58868032 27264
58868544 27264
58868608 27264
58868992 27264
58869120 27264
58871808 27264
58872128 27264
58872640 27264
58872704 27264
58873856 27264
58874240 27264
58877184 27264
58877312 27264
58878208 27264
58878336 27264
58884096 15264
58884160 15264
58900736 15264
58900800 15264
59015168 15264
59015744 15264
59031552 15264
59032128 15264
59047936 14784
59048576 14784
59064320 14784
59064960 14784
59146240 12480
59146816 12480
59162880 12480
59163456 12480
59179008 12000
59179648 12000
59195648 12000
59196288 12000
59244544 18048
59245568 18048
59260928 18048
59261952 18048
59310080 18048
59311232 18048
59326464 18048
59327616 18048
59375616 15264
59376640 15264
59392256 15264
59393280 15264
59441152 15264
59442304 15264
59457792 15264
59458944 15264
59768832 213432
59768840 7872
59768841 7872
59768848 7632
59768850 7632
59768856 5328
59768859 5328
59768864 8880
59768868 8880
59768872 5952
59768877 5952
59768880 5952
59768886 5952
59768888 5328
59768895 5328
59769088 38456
59770880 38456
59771136 38456
59787265 2304
59787266 2304
59787267 2304
59787268 2304
59787269 2304
59787270 5952
59787271 2304
59787272 7872
59787273 7872
59787280 7632
59787282 7632
59787288 5328
59787291 5328
59787296 8880
59787300 8880
59787304 5952
59787309 5952
59787312 5952
59787318 5952
59787320 5328
59787327 5328
59787328 38400
59787840 38400
59787904 38400
59788288 38400
59788416 38400
59789440 38400
59789568 38400
59791424 38400
59791616 38400
59791936 38400
59792000 38400
59793408 39744
59793536 38400
59796480 38400
59796608 38400
59801600 18048
59801664 18048
59820032 18048
59820096 18048
59899904 190880
59899912 7872
59899913 7872
59899920 7632
59899922 7632
59899928 5328
59899931 5328
59899936 8880
59899940 8880
59899944 5952
59899949 5952
59899952 5952
59899958 5952
59899960 5328
59899967 5328
59900160 27264
59901952 27264
59902208 27264
59918593 2304
59918594 2304
59918595 2304
59918596 2304
59918597 2304
59918598 5952
59918599 2304
59918600 7872
59918601 7872
59918608 7632
59918610 7632
59918616 5328
59918619 5328
59918624 8880
59918628 8880
59918632 5952
59918637 5952
59918640 5952
59918646 5952
59918648 5328
59918655 5328
59918656 27264
59919168 27264
59919232 27264
59919616 27264
59919744 27264
59920384 27264
59920768 27264
59922432 27264
59922752 27264
59923264 27264
59923328 27264
59924736 27264
59924864 27264
59927808 27264
59927936 27264
59932672 15264
59932736 15264
59951360 15264
59951424 15264
60063744 15264
60064320 15264
60082176 15264
60082752 15264
60096512 14784
60097152 14784
60114944 14784
60115584 14784
60194816 12480
60195392 12480
60213504 12480
60214080 12480
60227584 12000
60228224 12000
60246272 12000
60246912 12000
60293120 18064
60293248 16
60294144 18064
60294272 16
60295168 16
60295296 16
60296192 16
60296320 16
60309504 16
60309632 16
60310528 16
60310656 16
60311552 18064
60311680 16
60312576 18064
60312704 16
60358656 18048
60359808 18048
60377088 18048
60378240 18048
60424192 15264
60425216 15264
60442880 15264
60443904 15264
60489728 15266
60489856 2
60489984 2
60490112 2
60490752 2
60490880 15266
60491008 2
60491136 2
60491776 2
60491904 2
60492032 2
60492160 2
60492800 2
60492928 2
60493056 2
60493184 2
60493824 2
60493952 2
60494080 2
60494208 2
60494848 2
60494976 2
60495104 2
60495232 2
60495872 2
60496000 2
60496128 2
60496256 2
60496896 2
60497024 2
60497152 2
60497280 2
60506112 2
60506240 2
60506368 2
60506496 2
60507136 2
60507264 2
60507392 2
60507520 2
60508160 2
60508288 2
60508416 15266
60508544 2
60509184 2
60509312 2
60509440 2
60509568 15266
60510208 2
60510336 2
60510464 2
60510592 2
60511232 2
60511360 2
60511488 2
60511616 2
60512256 2
60512384 2
60512512 2
60512640 2
60513280 2
60513408 2
60513536 2
60513664 2
60817408 25728
60821760 13344
60823808 12384
60834048 13344
60836096 12384
60837888 25728
60850176 14784
60854336 14784
60866560 14784
60870720 14784
60882944 14784
60889216 14784
60901376 14784
60903552 14784
60948480 31296
60952832 16128
60954880 15168
60964864 16128
60966912 15168
60969216 31296
60981248 12000
60985408 12000
60997888 12000
61002048 12000
61014016 12000
61020288 12000
61032704 12000
61034880 12000
61112320 15264
61116992 15264
61128704 15264
61133376 15264
61145088 14784
61149824 14784
61161472 14784
61166208 14784
61243392 12480
61248064 12480
61260032 12480
61264704 12480
61276160 12000
61280896 12000
61292800 12000
61297536 12000
61407232 14
61407360 14
61410304 14
61410432 14
61411328 14
61411456 14
61414400 14
61414528 14
61423616 14
61423744 14
61426688 14
61426816 14
61427712 14
61427840 14
61430784 14
61430912 14
61865984 25728
61870336 13344
61872384 12384
61882624 12384
61884672 13344
61888512 25728
61898752 14784
61902912 14784
61917184 14784
61921344 14784
61931520 14784
61937792 14784
61947904 14784
61954176 14784
61997056 31296
62001408 16128
62003456 15168
62013440 15168
62015488 16128
62019840 31296
62029824 12000
62033984 12000
62048512 12000
62052672 12000
62062592 12000
62068864 12000
62079232 12000
62085504 12000
62160896 15264
62165568 15264
62179328 15264
62184000 15264
62193664 14784
62198400 14784
62212096 14784
62216832 14784
62291968 12480
62296640 12480
62310656 12480
62315328 12480
62324736 12000
62329472 12000
62343424 12000
62348160 12000
62914560 15784
62924800 15784
62932992 15784
62939136 15784
62980096 15168
62990464 15168
62998528 15168
63004800 15168
63045632 12480
63055872 12480
63064320 12480
63070464 12480
63111168 12384
63121536 12384
63129856 12384
63136128 12384
63438848 14784
63448064 14784
63455232 14784
63464448 14784
63504384 14784
63513728 14784
63520768 14784
63530112 14784
63569920 12000
63579136 12000
63586560 12000
63595776 12000
63635456 12000
63644800 12000
63652096 12000
63661440 12000
63963136 15264
63973376 15264
63979520 15264
63989760 15264
64028672 15168
64039040 15168
64045056 15168
64055424 15168
64094208 12480
64104448 12480
64110848 12480
64121088 12480
64159744 12384
64170112 12384
64176384 12384
64186752 12384
64487424 14784
64496640 14784
64505856 14784
64515072 14784
64552960 14784
64562304 14784
64571392 14784
64580736 14784
64618496 12000
64627712 12000
64637184 12000
64646400 12000
64684032 12000
64693376 12000
64702720 12000
64712064 12000
